user_id,operator_id,active_days,in_assigned_total,in_ans_calls,in_miss_post_calls,missed_rate_post,avg_wait_in_ans,out_ext_calls,out_median_daily,out_share_days,out_avg_daily,expected_outbound,flag_miss_high,flag_wait_high,flag_out_low,enough_volume,ineffective
166377,880022.000000,12,7,7,0,0.000000,13.428571,36,0.500000,0.500000,3.000000,True,True,True,True,False,False
166377,880026.000000,19,5,5,0,0.000000,8.400000,680,38.000000,1.000000,35.789474,True,True,False,False,False,False
166377,880028.000000,19,29,29,0,0.000000,5.931034,660,29.000000,1.000000,34.736842,True,True,False,False,True,False
166377,881278.000000,2,0,0,0,,,5,2.500000,1.000000,2.500000,True,False,False,False,False,False
166391,882476.000000,1,1,1,0,0.000000,64.000000,0,0.000000,0.000000,0.000000,False,True,True,False,False,False
166392,891900.000000,6,8,8,0,0.000000,42.000000,0,0.000000,0.000000,0.000000,False,True,True,False,False,False
166392,891906.000000,12,45,45,0,0.000000,26.400000,0,0.000000,0.000000,0.000000,False,True,False,False,True,False
166405,939478.000000,16,22,21,1,0.045455,28.809524,90,3.500000,1.000000,5.625000,True,True,True,True,True,True
166405,939476.000000,14,54,53,1,0.018519,9.264151,870,42.000000,1.000000,62.142857,True,True,False,False,True,False
166405,882686.000000,21,193,191,2,0.010363,7.481675,1450,67.000000,1.000000,69.047619,True,False,False,False,True,False
166405,939474.000000,19,213,213,0,0.000000,14.760563,577,28.000000,0.947368,30.368421,True,False,True,False,True,False
166405,882690.000000,4,17,17,0,0.000000,14.529412,47,2.500000,0.750000,11.750000,True,False,False,True,False,False
166405,902510.000000,18,2,2,0,0.000000,12.000000,894,52.000000,1.000000,49.666667,True,False,False,False,False,False
166405,939470.000000,10,16,16,0,0.000000,11.625000,715,49.500000,0.900000,71.500000,True,False,False,False,False,False
166405,902532.000000,19,183,183,0,0.000000,9.890710,410,15.000000,1.000000,21.578947,True,False,False,False,True,False
166406,879898.000000,17,26,26,0,0.000000,8.538462,1120,54.000000,0.941176,65.882353,True,True,True,False,True,True
166406,879896.000000,3,0,0,0,,,10,3.000000,1.000000,3.333333,True,False,False,True,False,False
166407,907440.000000,17,3,3,0,0.000000,26.666667,18,0.000000,0.470588,1.058824,True,True,True,True,False,False
166407,888534.000000,18,14,14,0,0.000000,23.500000,41,1.500000,0.777778,2.277778,True,True,False,False,False,False
166407,888536.000000,7,1,1,0,0.000000,18.000000,1,0.000000,0.142857,0.142857,False,True,False,False,False,False
166407,888532.000000,17,0,0,0,,,1,0.000000,0.058824,0.058824,False,False,False,False,False,False
166407,888538.000000,2,0,0,0,,,0,0.000000,0.000000,0.000000,False,False,False,False,False,False
166407,888540.000000,1,0,0,0,,,0,0.000000,0.000000,0.000000,False,False,False,False,False,False
166407,907442.000000,14,0,0,0,,,21,0.000000,0.357143,1.500000,True,False,False,True,False,False
166407,960950.000000,7,0,0,0,,,0,0.000000,0.000000,0.000000,False,False,False,False,False,False
166428,882680.000000,10,42,42,0,0.000000,11.452381,0,0.000000,0.000000,0.000000,False,True,True,False,True,True
166482,934074.000000,11,19,18,1,0.052632,13.444444,0,0.000000,0.000000,0.000000,False,True,False,False,False,False
166482,934076.000000,1,1,1,0,0.000000,14.000000,0,0.000000,0.000000,0.000000,False,False,True,False,False,False
166485,887278.000000,15,27,27,0,0.000000,15.962963,11,0.000000,0.400000,0.733333,True,True,False,True,True,True
166485,907174.000000,17,6,6,0,0.000000,85.000000,988,53.000000,1.000000,58.117647,True,True,True,False,False,False
166485,887282.000000,18,9,9,0,0.000000,43.555556,1412,85.000000,1.000000,78.444444,True,True,False,False,False,False
166485,887276.000000,19,133,133,0,0.000000,30.631579,189,7.000000,1.000000,9.947368,True,True,False,False,True,False
166485,906866.000000,11,0,0,0,,,642,68.000000,1.000000,58.363636,True,False,False,False,False,False
166487,959312.000000,12,58,51,7,0.120690,8.235294,107,8.000000,0.833333,8.916667,True,True,True,True,True,True
166495,883942.000000,11,7,7,0,0.000000,9.428571,380,40.000000,1.000000,34.545455,True,True,True,True,False,False
166503,884412.000000,13,6,6,0,0.000000,65.000000,49,4.000000,0.923077,3.769231,True,True,True,False,False,False
166503,906680.000000,26,125,125,0,0.000000,38.368000,47,0.500000,0.500000,1.807692,True,True,False,False,True,False
166503,925106.000000,7,8,8,0,0.000000,25.500000,0,0.000000,0.000000,0.000000,False,True,False,False,False,False
166511,891410.000000,20,309,308,1,0.003236,12.535714,811,38.500000,1.000000,40.550000,True,True,True,False,True,True
166511,891416.000000,19,45,45,0,0.000000,12.155556,212,7.000000,1.000000,11.157895,True,False,False,True,True,False
166511,891414.000000,22,210,210,0,0.000000,10.228571,823,37.000000,1.000000,37.409091,True,False,False,False,True,False
166520,923254.000000,2,1,1,0,0.000000,45.000000,1,0.500000,0.500000,0.500000,True,True,True,True,False,False
166520,930510.000000,2,1,1,0,0.000000,29.000000,1,0.500000,0.500000,0.500000,True,True,False,True,False,False
166520,884946.000000,5,0,0,0,,,147,33.000000,1.000000,29.400000,True,False,False,False,False,False
166520,890232.000000,1,0,0,0,,,1,1.000000,1.000000,1.000000,True,False,False,False,False,False
166520,892028.000000,10,0,0,0,,,472,50.000000,1.000000,47.200000,True,False,False,False,False,False
166520,893674.000000,14,0,0,0,,,696,39.000000,1.000000,49.714286,True,False,False,False,False,False
166520,910902.000000,5,0,0,0,,,11,2.000000,1.000000,2.200000,True,False,False,False,False,False
166520,930524.000000,8,0,0,0,,,28,3.000000,1.000000,3.500000,True,False,False,False,False,False
166520,947480.000000,1,0,0,0,,,0,0.000000,0.000000,0.000000,False,False,False,False,False,False
166520,969600.000000,2,0,0,0,,,29,14.500000,1.000000,14.500000,True,False,False,False,False,False
166536,900194.000000,12,15,12,3,0.200000,21.833333,4,0.000000,0.333333,0.333333,True,True,True,True,False,False
166536,925826.000000,19,91,90,1,0.010989,7.155556,261,13.000000,1.000000,13.736842,True,False,False,False,True,False
166536,925828.000000,19,119,119,0,0.000000,6.075630,295,15.000000,1.000000,15.526316,True,False,False,False,True,False
166541,908960.000000,28,306,299,7,0.022876,21.123746,67,2.000000,0.714286,2.392857,True,True,False,False,True,False
166541,908958.000000,28,264,263,1,0.003788,25.581749,29,0.000000,0.357143,1.035714,True,False,True,True,True,False
166548,946468.000000,1,1,1,0,0.000000,25.000000,0,0.000000,0.000000,0.000000,False,True,True,False,False,False
166582,885876.000000,20,5,5,0,0.000000,6.600000,732,28.000000,1.000000,36.600000,True,True,True,True,False,False
166604,893402.000000,28,211,208,3,0.014218,18.254808,36,1.000000,0.607143,1.285714,True,True,False,False,True,False
166604,893420.000000,26,150,150,0,0.000000,19.920000,10,0.000000,0.153846,0.384615,False,False,True,False,True,False
166619,897872.000000,5,0,0,0,,,13,2.000000,1.000000,2.600000,True,False,False,True,False,False
166636,890582.000000,18,32,31,1,0.031250,19.677419,35,1.000000,0.611111,1.944444,True,True,True,True,True,True
166649,887416.000000,4,7,7,0,0.000000,21.000000,0,0.000000,0.000000,0.000000,False,True,True,False,False,False
166658,890406.000000,19,102,101,1,0.009804,7.811881,371,19.000000,1.000000,19.526316,True,True,False,False,True,False
166658,890404.000000,20,147,146,1,0.006803,8.698630,395,19.000000,1.000000,19.750000,True,False,False,False,True,False
166658,955436.000000,1,1,1,0,0.000000,23.000000,0,0.000000,0.000000,0.000000,False,False,True,False,False,False
166658,890402.000000,21,187,187,0,0.000000,8.673797,365,16.000000,0.952381,17.380952,True,False,False,False,True,False
166658,890410.000000,17,16,16,0,0.000000,6.750000,354,18.000000,1.000000,20.823529,True,False,False,False,False,False
166658,890412.000000,17,0,0,0,,,334,14.000000,1.000000,19.647059,True,False,False,False,False,False
166658,890416.000000,21,0,0,0,,,411,18.000000,1.000000,19.571429,True,False,False,False,False,False
166658,891152.000000,9,0,0,0,,,82,4.000000,1.000000,9.111111,True,False,False,False,False,False
166658,891154.000000,18,0,0,0,,,107,6.000000,1.000000,5.944444,True,False,False,False,False,False
166658,891156.000000,5,0,0,0,,,15,3.000000,1.000000,3.000000,True,False,False,True,False,False
166658,891158.000000,14,0,0,0,,,77,2.500000,1.000000,5.500000,True,False,False,True,False,False
166658,891160.000000,14,0,0,0,,,267,10.500000,1.000000,19.071429,True,False,False,False,False,False
166658,891162.000000,10,0,0,0,,,60,3.000000,1.000000,6.000000,True,False,False,True,False,False
166658,891166.000000,15,0,0,0,,,76,3.000000,1.000000,5.066667,True,False,False,True,False,False
166658,891170.000000,14,0,0,0,,,183,11.000000,1.000000,13.071429,True,False,False,False,False,False
166660,932460.000000,5,7,7,0,0.000000,12.142857,0,0.000000,0.000000,0.000000,False,True,True,False,False,False
166660,887802.000000,7,0,0,0,,,27,2.000000,1.000000,3.857143,True,False,False,False,False,False
166669,888406.000000,1,0,0,0,,,1,1.000000,1.000000,1.000000,True,False,False,True,False,False
166677,890618.000000,7,8,8,0,0.000000,1.000000,0,0.000000,0.000000,0.000000,False,True,True,False,False,False
166678,900894.000000,18,43,42,1,0.023256,15.738095,47,1.000000,0.833333,2.611111,True,True,True,False,True,True
166678,934608.000000,7,10,10,0,0.000000,13.500000,0,0.000000,0.000000,0.000000,False,False,False,False,False,False
166678,900892.000000,24,139,139,0,0.000000,8.179856,318,10.500000,1.000000,13.250000,True,False,False,False,True,False
166680,960296.000000,5,2,2,0,0.000000,63.000000,201,56.000000,1.000000,40.200000,True,True,True,False,False,False
166680,960294.000000,7,1,1,0,0.000000,36.000000,296,50.000000,1.000000,42.285714,True,True,True,False,False,False
166680,972412.000000,2,1,1,0,0.000000,25.000000,60,30.000000,1.000000,30.000000,True,True,False,False,False,False
166680,932500.000000,15,3,3,0,0.000000,20.333333,792,56.000000,1.000000,52.800000,True,True,False,False,False,False
166680,941628.000000,5,1,1,0,0.000000,19.000000,147,28.000000,1.000000,29.400000,True,True,False,False,False,False
166680,917234.000000,15,3,3,0,0.000000,12.000000,748,51.000000,1.000000,49.866667,True,True,False,False,False,False
166680,932498.000000,6,1,1,0,0.000000,11.000000,315,56.000000,1.000000,52.500000,True,True,False,False,False,False
166680,932502.000000,7,2,2,0,0.000000,10.500000,324,50.000000,1.000000,46.285714,True,True,False,False,False,False
166680,915614.000000,2,0,0,0,,,16,8.000000,1.000000,8.000000,True,False,False,True,False,False
166680,950444.000000,15,0,0,0,,,65,4.000000,1.000000,4.333333,True,False,False,True,False,False
166680,954642.000000,8,0,0,0,,,417,52.000000,1.000000,52.125000,True,False,False,False,False,False
166680,972408.000000,1,0,0,0,,,8,8.000000,1.000000,8.000000,True,False,False,True,False,False
166680,972410.000000,2,0,0,0,,,77,38.500000,1.000000,38.500000,True,False,False,False,False,False
166688,890228.000000,13,3,2,1,0.333333,14.000000,67,2.000000,1.000000,5.153846,True,True,False,False,False,False
166688,890226.000000,1,1,1,0,0.000000,37.000000,0,0.000000,0.000000,0.000000,False,False,True,False,False,False
166688,965328.000000,6,0,0,0,,,27,3.500000,0.833333,4.500000,True,False,False,False,False,False
166691,901734.000000,7,15,15,0,0.000000,14.066667,0,0.000000,0.000000,0.000000,False,True,True,False,False,False
166691,889410.000000,24,88,88,0,0.000000,5.863636,336,12.500000,1.000000,14.000000,True,True,False,False,True,False
166692,898892.000000,2,2,2,0,0.000000,17.000000,0,0.000000,0.000000,0.000000,False,True,True,False,False,False
166697,891646.000000,2,2,2,0,0.000000,11.000000,0,0.000000,0.000000,0.000000,False,True,True,False,False,False
166708,899082.000000,24,256,256,0,0.000000,22.312500,724,29.000000,1.000000,30.166667,True,True,True,True,True,True
166711,891254.000000,1,2,2,0,0.000000,26.000000,0,0.000000,0.000000,0.000000,False,True,True,False,False,False
166713,891918.000000,1,1,1,0,0.000000,26.000000,0,0.000000,0.000000,0.000000,False,True,True,False,False,False
166713,891908.000000,12,16,16,0,0.000000,8.937500,5,0.000000,0.083333,0.416667,False,True,False,False,False,False
166717,891988.000000,16,119,119,0,0.000000,7.949580,93,5.000000,0.937500,5.812500,True,True,True,True,True,True
166725,889754.000000,20,181,180,1,0.005525,7.500000,575,17.000000,1.000000,28.750000,True,True,True,True,True,True
166732,894230.000000,6,6,5,1,0.166667,18.200000,1,0.000000,0.166667,0.166667,False,True,True,False,False,False
166732,894224.000000,6,12,11,1,0.083333,6.909091,0,0.000000,0.000000,0.000000,False,False,False,False,False,False
166774,891824.000000,5,2,2,0,0.000000,19.000000,6,1.000000,0.600000,1.200000,True,True,True,True,False,False
166782,893804.000000,28,949,946,3,0.003161,5.206131,1226,35.000000,1.000000,43.785714,True,True,False,False,True,False
166782,919994.000000,6,9,9,0,0.000000,36.666667,0,0.000000,0.000000,0.000000,False,False,True,False,False,False
166782,899250.000000,28,78,78,0,0.000000,16.705128,327,7.000000,0.857143,11.678571,True,False,False,False,True,False
166782,900180.000000,15,0,0,0,,,731,34.000000,1.000000,48.733333,True,False,False,False,False,False
166800,892530.000000,5,8,8,0,0.000000,32.625000,6,1.000000,0.600000,1.200000,True,True,True,True,False,False
166800,892532.000000,12,22,22,0,0.000000,29.272727,35,2.000000,0.916667,2.916667,True,True,False,False,True,False
166800,892536.000000,4,0,0,0,,,11,1.000000,1.000000,2.750000,True,False,False,True,False,False
166803,891946.000000,1,0,0,0,,,0,0.000000,0.000000,0.000000,False,False,False,False,False,False
166812,900594.000000,15,9,9,0,0.000000,9.333333,91,5.000000,1.000000,6.066667,True,True,True,True,False,False
166813,954616.000000,6,7,7,0,0.000000,6.571429,0,0.000000,0.000000,0.000000,False,True,True,False,False,False
166813,900614.000000,2,2,2,0,0.000000,4.500000,2,1.000000,0.500000,1.000000,True,True,False,False,False,False
166813,954318.000000,2,1,1,0,0.000000,4.000000,1,0.500000,0.500000,0.500000,True,True,False,False,False,False
166813,955820.000000,5,0,0,0,,,9,1.000000,1.000000,1.800000,True,False,False,False,False,False
166833,903254.000000,27,113,113,0,0.000000,17.469027,594,17.000000,1.000000,22.000000,True,True,True,True,True,True
166836,901350.000000,19,80,80,0,0.000000,22.362500,0,0.000000,0.000000,0.000000,False,True,True,False,True,True
166837,910044.000000,1,1,1,0,0.000000,15.000000,0,0.000000,0.000000,0.000000,False,True,True,False,False,False
166837,930242.000000,1,1,1,0,0.000000,15.000000,0,0.000000,0.000000,0.000000,False,True,True,False,False,False
166839,902720.000000,7,0,0,0,,,41,1.000000,1.000000,5.857143,True,False,False,True,False,False
166843,926312.000000,9,3,3,0,0.000000,15.333333,17,2.000000,0.777778,1.888889,True,True,True,True,False,False
166879,896538.000000,3,5,5,0,0.000000,57.200000,0,0.000000,0.000000,0.000000,False,True,True,False,False,False
166879,927070.000000,10,19,19,0,0.000000,45.052632,0,0.000000,0.000000,0.000000,False,True,False,False,False,False
166879,896536.000000,26,91,91,0,0.000000,21.923077,0,0.000000,0.000000,0.000000,False,True,False,False,True,False
166896,895576.000000,13,29,28,1,0.034483,20.250000,0,0.000000,0.000000,0.000000,False,True,True,False,True,True
166896,895574.000000,16,34,34,0,0.000000,14.058824,0,0.000000,0.000000,0.000000,False,False,False,False,True,False
166896,895578.000000,9,13,13,0,0.000000,12.923077,0,0.000000,0.000000,0.000000,False,False,False,False,False,False
166899,894656.000000,19,6,6,0,0.000000,17.500000,826,42.000000,1.000000,43.473684,True,True,True,False,False,False
166899,894662.000000,7,1,1,0,0.000000,9.000000,37,3.000000,1.000000,5.285714,True,True,False,True,False,False
166901,896012.000000,18,71,70,1,0.014085,7.085714,0,0.000000,0.000000,0.000000,False,True,False,False,True,False
166901,896018.000000,2,2,2,0,0.000000,45.500000,0,0.000000,0.000000,0.000000,False,False,True,False,False,False
166901,896010.000000,3,4,4,0,0.000000,23.500000,1,0.000000,0.333333,0.333333,True,False,False,True,False,False
166901,896014.000000,4,3,3,0,0.000000,10.666667,2,0.000000,0.250000,0.500000,False,False,False,False,False,False
166901,896016.000000,19,42,42,0,0.000000,7.404762,99,1.000000,0.736842,5.210526,True,False,False,False,True,False
166901,896008.000000,18,0,0,0,,,0,0.000000,0.000000,0.000000,False,False,False,False,False,False
166916,906410.000000,13,98,95,3,0.030612,27.989474,6,0.000000,0.307692,0.461538,True,True,False,True,True,True
166916,906400.000000,18,50,49,1,0.020000,29.020408,73,3.000000,0.777778,4.055556,True,True,False,False,True,False
166916,906396.000000,19,65,64,1,0.015385,28.203125,65,3.000000,0.842105,3.421053,True,True,False,False,True,False
166916,906404.000000,17,256,253,3,0.011719,25.905138,269,16.000000,0.941176,15.823529,True,False,False,False,True,False
166916,906406.000000,18,381,379,2,0.005249,26.654354,350,20.500000,1.000000,19.444444,True,False,False,False,True,False
166916,906402.000000,4,2,2,0,0.000000,53.500000,4,0.000000,0.250000,1.000000,False,False,True,False,False,False
166916,906394.000000,21,23,23,0,0.000000,31.695652,53,2.000000,0.666667,2.523810,True,False,True,False,True,False
166916,906398.000000,14,15,15,0,0.000000,29.066667,4,0.000000,0.071429,0.285714,False,False,True,False,False,False
166916,906408.000000,2,7,7,0,0.000000,23.714286,0,0.000000,0.000000,0.000000,False,False,False,False,False,False
166916,906416.000000,18,6,6,0,0.000000,16.333333,14,0.000000,0.333333,0.777778,True,False,False,True,False,False
166916,906418.000000,4,5,5,0,0.000000,14.600000,1,0.000000,0.250000,0.250000,False,False,False,False,False,False
166916,906412.000000,20,16,16,0,0.000000,13.437500,58,3.000000,0.850000,2.900000,True,False,False,False,False,False
166916,906420.000000,9,5,5,0,0.000000,11.000000,4,0.000000,0.111111,0.444444,False,False,False,False,False,False
166916,906392.000000,4,0,0,0,,,0,0.000000,0.000000,0.000000,False,False,False,False,False,False
166939,954750.000000,17,223,222,1,0.004484,21.860360,47,0.000000,0.352941,2.764706,True,True,False,True,True,True
166939,951332.000000,7,9,9,0,0.000000,31.000000,0,0.000000,0.000000,0.000000,False,False,True,False,False,False
166939,955068.000000,1,0,0,0,,,0,0.000000,0.000000,0.000000,False,False,False,False,False,False
166939,955082.000000,7,0,0,0,,,0,0.000000,0.000000,0.000000,False,False,False,False,False,False
166939,955086.000000,1,0,0,0,,,0,0.000000,0.000000,0.000000,False,False,False,False,False,False
166939,955090.000000,10,0,0,0,,,0,0.000000,0.000000,0.000000,False,False,False,False,False,False
166939,955094.000000,1,0,0,0,,,1,1.000000,1.000000,1.000000,True,False,False,False,False,False
166940,897030.000000,3,2,2,0,0.000000,14.000000,60,19.000000,0.666667,20.000000,True,True,True,True,False,False
166940,972460.000000,2,2,2,0,0.000000,4.000000,65,32.500000,1.000000,32.500000,True,True,False,False,False,False
166971,914630.000000,7,4,4,0,0.000000,13.250000,22,2.000000,0.571429,3.142857,True,True,True,False,False,False
166971,914626.000000,1,0,0,0,,,1,1.000000,1.000000,1.000000,True,False,False,True,False,False
166973,901586.000000,10,10,10,0,0.000000,6.700000,18,0.000000,0.400000,1.800000,True,True,True,True,False,False
166973,901588.000000,14,19,19,0,0.000000,5.473684,12,0.000000,0.357143,0.857143,True,True,False,True,False,False
166973,901584.000000,19,68,68,0,0.000000,5.308824,60,2.000000,0.947368,3.157895,True,True,False,False,True,False
166974,900352.000000,20,60,60,0,0.000000,19.450000,166,5.500000,0.900000,8.300000,True,True,True,True,True,True
166974,900354.000000,20,40,40,0,0.000000,17.125000,192,8.000000,0.950000,9.600000,True,True,False,False,True,False
166975,899268.000000,7,10,9,1,0.100000,23.000000,0,0.000000,0.000000,0.000000,False,True,False,False,False,False
166975,899898.000000,1,1,1,0,0.000000,27.000000,0,0.000000,0.000000,0.000000,False,False,True,False,False,False
166975,899912.000000,1,1,1,0,0.000000,19.000000,0,0.000000,0.000000,0.000000,False,False,False,False,False,False
166983,901880.000000,28,652,649,3,0.004601,5.143297,829,28.000000,1.000000,29.607143,True,True,False,False,True,False
166983,909134.000000,21,67,67,0,0.000000,38.313433,0,0.000000,0.000000,0.000000,False,False,True,False,True,False
166983,901886.000000,21,68,68,0,0.000000,18.426471,729,39.000000,1.000000,34.714286,True,False,False,False,True,False
166983,901884.000000,28,211,211,0,0.000000,12.146919,646,22.500000,1.000000,23.071429,True,False,False,False,True,False
166985,904284.000000,14,28,28,0,0.000000,15.678571,0,0.000000,0.000000,0.000000,False,True,True,False,True,True
166997,903318.000000,12,6,6,0,0.000000,25.000000,54,3.500000,0.916667,4.500000,True,True,True,False,False,False
166997,903312.000000,8,13,13,0,0.000000,12.230769,2,0.000000,0.125000,0.250000,False,True,False,False,False,False
166997,905432.000000,2,4,4,0,0.000000,5.000000,139,69.500000,1.000000,69.500000,True,True,False,False,False,False
166997,909502.000000,1,0,0,0,,,41,41.000000,1.000000,41.000000,True,False,False,False,False,False
167002,900492.000000,14,3,3,0,0.000000,15.333333,42,2.500000,1.000000,3.000000,True,True,True,True,False,False
167003,901492.000000,8,7,7,0,0.000000,27.000000,1,0.000000,0.125000,0.125000,False,True,True,False,False,False
167004,900826.000000,26,57,57,0,0.000000,11.298246,240,7.500000,0.961538,9.230769,True,True,True,True,True,True
167016,916424.000000,23,311,310,1,0.003215,10.077419,84,3.000000,0.782609,3.652174,True,True,True,False,True,True
167016,962658.000000,14,376,376,0,0.000000,8.071809,322,15.500000,1.000000,23.000000,True,False,False,False,True,False
167016,962902.000000,12,244,244,0,0.000000,7.098361,413,30.000000,1.000000,34.416667,True,False,False,False,True,False
167016,962904.000000,1,0,0,0,,,2,2.000000,1.000000,2.000000,True,False,False,True,False,False
167031,910516.000000,3,3,3,0,0.000000,13.333333,0,0.000000,0.000000,0.000000,False,True,True,False,False,False
167031,910520.000000,10,0,0,0,,,29,2.500000,1.000000,2.900000,True,False,False,False,False,False
167031,910532.000000,1,0,0,0,,,1,1.000000,1.000000,1.000000,True,False,False,False,False,False
167035,923528.000000,28,63,61,2,0.031746,25.557377,501,13.500000,0.892857,17.892857,True,True,True,True,True,True
167035,923526.000000,28,604,602,2,0.003311,7.272425,839,29.000000,1.000000,29.964286,True,False,False,False,True,False
167052,904044.000000,12,34,34,0,0.000000,21.970588,8,0.500000,0.500000,0.666667,True,True,True,True,True,True
167052,904038.000000,28,192,192,0,0.000000,8.500000,100,4.000000,0.785714,3.571429,True,True,False,False,True,False
167059,911102.000000,11,26,25,1,0.038462,29.640000,0,0.000000,0.000000,0.000000,False,True,False,False,True,False
167059,911140.000000,16,39,38,1,0.025641,26.447368,0,0.000000,0.000000,0.000000,False,False,False,False,True,False
167059,911142.000000,6,12,12,0,0.000000,50.250000,0,0.000000,0.000000,0.000000,False,False,True,False,False,False
167059,911138.000000,19,120,120,0,0.000000,21.241667,0,0.000000,0.000000,0.000000,False,False,False,False,True,False
167059,911136.000000,18,126,126,0,0.000000,19.865079,0,0.000000,0.000000,0.000000,False,False,False,False,True,False
167060,930908.000000,13,21,21,0,0.000000,5.714286,25,1.000000,0.692308,1.923077,True,True,True,True,True,True
167060,930910.000000,6,1,1,0,0.000000,5.000000,9,1.000000,1.000000,1.500000,True,True,False,True,False,False
167060,930912.000000,9,0,0,0,,,242,32.000000,1.000000,26.888889,True,False,False,False,False,False
167060,930914.000000,18,0,0,0,,,209,9.000000,1.000000,11.611111,True,False,False,False,False,False
167061,901038.000000,7,4,4,0,0.000000,23.750000,18,2.000000,1.000000,2.571429,True,True,True,False,False,False
167061,901034.000000,8,8,8,0,0.000000,14.000000,5,0.000000,0.375000,0.625000,True,True,False,True,False,False
167071,913942.000000,22,808,780,28,0.034653,13.156410,172,0.000000,0.227273,7.818182,True,True,True,True,True,True
167071,913938.000000,27,2370,2361,9,0.003797,7.596357,264,9.000000,0.703704,9.777778,True,False,False,False,True,False
167078,935348.000000,20,176,175,1,0.005682,7.531429,125,4.500000,1.000000,6.250000,True,True,False,False,True,False
167078,956484.000000,9,15,15,0,0.000000,20.866667,0,0.000000,0.000000,0.000000,False,False,True,False,False,False
167078,956480.000000,17,90,90,0,0.000000,14.355556,0,0.000000,0.000000,0.000000,False,False,False,False,True,False
167078,900592.000000,23,249,249,0,0.000000,6.489960,110,3.000000,1.000000,4.782609,True,False,False,False,True,False
167078,963716.000000,1,0,0,0,,,1,1.000000,1.000000,1.000000,True,False,False,False,False,False
167079,904058.000000,9,11,11,0,0.000000,17.181818,0,0.000000,0.000000,0.000000,False,True,True,False,False,False
167082,920982.000000,10,25,25,0,0.000000,25.560000,0,0.000000,0.000000,0.000000,False,True,True,False,True,True
167082,900788.000000,14,33,33,0,0.000000,7.454545,2,0.000000,0.142857,0.142857,False,True,False,False,True,False
167102,902910.000000,1,2,2,0,0.000000,29.000000,0,0.000000,0.000000,0.000000,False,True,True,False,False,False
167102,902906.000000,16,20,20,0,0.000000,16.900000,0,0.000000,0.000000,0.000000,False,True,False,False,True,False
167109,907224.000000,19,14,14,0,0.000000,30.714286,79,3.000000,0.947368,4.157895,True,True,True,False,False,False
167109,907182.000000,17,29,29,0,0.000000,11.413793,0,0.000000,0.000000,0.000000,False,True,False,False,True,False
167109,906294.000000,17,80,80,0,0.000000,4.612500,34,1.000000,0.823529,2.000000,True,True,False,False,True,False
167109,906296.000000,19,0,0,0,,,24,0.000000,0.315789,1.263158,True,False,False,True,False,False
167109,907178.000000,9,0,0,0,,,19,1.000000,0.555556,2.111111,True,False,False,False,False,False
167109,907180.000000,4,0,0,0,,,3,1.000000,0.750000,0.750000,True,False,False,False,False,False
167109,909910.000000,18,0,0,0,,,70,3.000000,0.777778,3.888889,True,False,False,False,False,False
167112,951650.000000,3,2,2,0,0.000000,45.000000,10,1.000000,0.666667,3.333333,True,True,True,True,False,False
167112,904016.000000,5,4,4,0,0.000000,11.500000,225,22.000000,1.000000,45.000000,True,True,False,False,False,False
167112,904014.000000,2,0,0,0,,,77,38.500000,1.000000,38.500000,True,False,False,False,False,False
167112,951648.000000,1,0,0,0,,,94,94.000000,1.000000,94.000000,True,False,False,False,False,False
167139,950640.000000,1,1,1,0,0.000000,9.000000,0,0.000000,0.000000,0.000000,False,True,True,False,False,False
167150,905566.000000,19,7,5,2,0.285714,27.400000,127,6.000000,1.000000,6.684211,True,True,True,False,False,False
167150,905564.000000,19,23,22,1,0.043478,25.181818,176,9.000000,0.947368,9.263158,True,True,False,False,True,False
167150,905542.000000,19,54,53,1,0.018519,23.603774,775,38.000000,1.000000,40.789474,True,False,False,False,True,False
167150,905538.000000,19,116,115,1,0.008621,23.086957,1253,55.000000,1.000000,65.947368,True,False,False,False,True,False
167150,928092.000000,1,1,1,0,0.000000,62.000000,0,0.000000,0.000000,0.000000,False,False,True,False,False,False
167150,905574.000000,12,1,1,0,0.000000,14.000000,22,1.000000,0.583333,1.833333,True,False,False,False,False,False
167150,905570.000000,10,0,0,0,,,2,0.000000,0.200000,0.200000,False,False,False,False,False,False
167158,907502.000000,10,47,47,0,0.000000,20.382979,0,0.000000,0.000000,0.000000,False,True,True,False,True,True
167162,905300.000000,1,1,1,0,0.000000,27.000000,0,0.000000,0.000000,0.000000,False,True,True,False,False,False
167172,904204.000000,11,3,3,0,0.000000,46.000000,24,2.000000,0.909091,2.181818,True,True,True,True,False,False
167172,926490.000000,15,7,7,0,0.000000,17.857143,100,5.000000,0.866667,6.666667,True,True,False,False,False,False
167172,929228.000000,12,0,0,0,,,43,2.500000,1.000000,3.583333,True,False,False,False,False,False
167175,905842.000000,22,2,2,0,0.000000,115.500000,475,14.000000,0.954545,21.590909,True,True,True,True,False,False
167175,905844.000000,17,8,8,0,0.000000,12.125000,371,18.000000,1.000000,21.823529,True,True,False,False,False,False
167176,907982.000000,19,25,24,1,0.040000,20.166667,6,0.000000,0.263158,0.315789,False,True,False,False,True,False
167176,905104.000000,19,95,94,1,0.010526,17.882979,63,2.000000,0.894737,3.315789,True,True,False,False,True,False
167176,907504.000000,5,1,1,0,0.000000,24.000000,1,0.000000,0.200000,0.200000,False,False,True,False,False,False
167176,907994.000000,14,12,12,0,0.000000,21.083333,0,0.000000,0.000000,0.000000,False,False,True,False,False,False
167176,907952.000000,19,21,21,0,0.000000,19.571429,0,0.000000,0.000000,0.000000,False,False,False,False,True,False
167176,907970.000000,16,4,4,0,0.000000,18.250000,0,0.000000,0.000000,0.000000,False,False,False,False,False,False
167176,907964.000000,12,3,3,0,0.000000,16.000000,1,0.000000,0.083333,0.083333,False,False,False,False,False,False
167176,907986.000000,18,0,0,0,,,0,0.000000,0.000000,0.000000,False,False,False,False,False,False
167180,905932.000000,16,12,12,0,0.000000,9.000000,103,5.500000,0.937500,6.437500,True,True,True,False,False,False
167180,905930.000000,19,20,20,0,0.000000,4.900000,171,7.000000,0.947368,9.000000,True,True,False,False,True,False
167180,905934.000000,4,0,0,0,,,2,0.500000,0.500000,0.500000,True,False,False,True,False,False
167183,932292.000000,6,2,2,0,0.000000,8.500000,21,3.000000,1.000000,3.500000,True,True,True,False,False,False
167183,932304.000000,1,0,0,0,,,2,2.000000,1.000000,2.000000,True,False,False,True,False,False
167185,912296.000000,19,89,87,2,0.022472,11.885057,214,10.000000,0.894737,11.263158,True,True,False,False,True,False
167185,917680.000000,2,1,1,0,0.000000,26.000000,5,2.500000,0.500000,2.500000,True,False,True,True,False,False
167188,962168.000000,4,4,4,0,0.000000,17.250000,0,0.000000,0.000000,0.000000,False,True,True,False,False,False
167188,914238.000000,7,0,0,0,,,95,5.000000,1.000000,13.571429,True,False,False,False,False,False
167188,914338.000000,1,0,0,0,,,0,0.000000,0.000000,0.000000,False,False,False,False,False,False
167188,957022.000000,3,0,0,0,,,9,1.000000,1.000000,3.000000,True,False,False,False,False,False
167188,964716.000000,8,0,0,0,,,320,49.500000,0.875000,40.000000,True,False,False,False,False,False
167199,911310.000000,19,109,108,1,0.009174,15.537037,36,0.000000,0.315789,1.894737,True,True,True,True,True,True
167200,905862.000000,12,22,22,0,0.000000,12.181818,1,0.000000,0.083333,0.083333,False,True,True,False,True,True
167235,913788.000000,28,438,436,2,0.004566,15.683486,567,19.000000,0.857143,20.250000,True,True,True,True,True,True
167238,949420.000000,4,5,5,0,0.000000,0.800000,1,0.000000,0.250000,0.250000,False,True,True,False,False,False
167242,911214.000000,1,1,1,0,0.000000,19.000000,0,0.000000,0.000000,0.000000,False,True,True,False,False,False
167246,908078.000000,15,18,18,0,0.000000,23.166667,31,0.000000,0.466667,2.066667,True,True,True,True,False,False
167246,908082.000000,6,6,6,0,0.000000,9.833333,12,1.500000,0.666667,2.000000,True,True,False,False,False,False
167250,913984.000000,1,0,0,0,,,1,1.000000,1.000000,1.000000,True,False,False,False,False,False
167250,929542.000000,2,0,0,0,,,0,0.000000,0.000000,0.000000,False,False,False,False,False,False
167250,929544.000000,8,0,0,0,,,66,4.000000,1.000000,8.250000,True,False,False,False,False,False
167263,907974.000000,1,1,1,0,0.000000,12.000000,0,0.000000,0.000000,0.000000,False,True,True,False,False,False
167263,907972.000000,3,2,2,0,0.000000,5.000000,6,2.000000,0.666667,2.000000,True,True,False,False,False,False
167264,919554.000000,28,591,584,7,0.011844,31.984589,9,0.000000,0.142857,0.321429,False,True,False,False,True,False
167264,919552.000000,28,582,581,1,0.001718,34.087780,32,1.000000,0.607143,1.142857,True,False,True,False,True,False
167272,912684.000000,3,3,3,0,0.000000,41.666667,0,0.000000,0.000000,0.000000,False,True,True,False,False,False
167272,910018.000000,18,61,61,0,0.000000,25.000000,0,0.000000,0.000000,0.000000,False,True,False,False,True,False
167275,967310.000000,5,1,1,0,0.000000,8.000000,50,10.000000,1.000000,10.000000,True,True,True,False,False,False
167275,946020.000000,1,1,1,0,0.000000,3.000000,0,0.000000,0.000000,0.000000,False,True,False,False,False,False
167277,910224.000000,5,8,8,0,0.000000,15.875000,0,0.000000,0.000000,0.000000,False,True,True,False,False,False
167286,909768.000000,7,7,7,0,0.000000,45.428571,0,0.000000,0.000000,0.000000,False,True,True,False,False,False
167286,910540.000000,24,100,100,0,0.000000,21.130000,0,0.000000,0.000000,0.000000,False,True,False,False,True,False
167338,912252.000000,18,25,25,0,0.000000,15.200000,147,6.000000,0.833333,8.166667,True,True,True,True,True,True
167359,912722.000000,19,90,90,0,0.000000,5.266667,88,4.000000,0.842105,4.631579,True,True,True,False,True,True
167359,915358.000000,14,0,0,0,,,6,0.000000,0.214286,0.428571,False,False,False,False,False,False
167359,915360.000000,14,0,0,0,,,24,2.000000,0.714286,1.714286,True,False,False,False,False,False
167359,918452.000000,18,0,0,0,,,53,1.000000,0.611111,2.944444,True,False,False,False,False,False
167359,920146.000000,13,0,0,0,,,53,3.000000,1.000000,4.076923,True,False,False,False,False,False
167359,921316.000000,7,0,0,0,,,8,1.000000,0.571429,1.142857,True,False,False,False,False,False
167359,924356.000000,11,0,0,0,,,11,0.000000,0.363636,1.000000,True,False,False,True,False,False
167359,924370.000000,2,0,0,0,,,1,0.500000,0.500000,0.500000,True,False,False,False,False,False
167364,924572.000000,1,0,0,0,,,1,1.000000,1.000000,1.000000,True,False,False,True,False,False
167397,927142.000000,4,3,3,0,0.000000,4.000000,3,1.000000,0.750000,0.750000,True,True,True,True,False,False
167402,912010.000000,20,47,47,0,0.000000,17.191489,0,0.000000,0.000000,0.000000,False,True,True,False,True,True
167412,914440.000000,4,6,6,0,0.000000,20.166667,0,0.000000,0.000000,0.000000,False,True,True,False,False,False
167412,954290.000000,7,12,12,0,0.000000,19.333333,0,0.000000,0.000000,0.000000,False,True,False,False,False,False
167412,965942.000000,1,4,4,0,0.000000,12.750000,0,0.000000,0.000000,0.000000,False,True,False,False,False,False
167436,961552.000000,2,3,3,0,0.000000,34.666667,4,2.000000,1.000000,2.000000,True,True,True,False,False,False
167436,914256.000000,3,6,6,0,0.000000,13.333333,0,0.000000,0.000000,0.000000,False,True,False,False,False,False
167436,914272.000000,1,0,0,0,,,1,1.000000,1.000000,1.000000,True,False,False,False,False,False
167436,939886.000000,16,0,0,0,,,237,10.500000,1.000000,14.812500,True,False,False,False,False,False
167445,920706.000000,12,38,33,5,0.131579,28.424242,102,3.000000,0.833333,8.500000,True,True,True,False,True,True
167445,920902.000000,14,34,33,1,0.029412,56.515152,2,0.000000,0.142857,0.142857,False,True,True,False,True,True
167445,920726.000000,24,57,55,2,0.035088,14.418182,56,1.500000,0.791667,2.333333,True,True,False,False,True,False
167445,920852.000000,28,148,145,3,0.020270,11.234483,246,6.500000,0.928571,8.785714,True,False,False,False,True,False
167445,920728.000000,19,135,133,2,0.014815,18.458647,62,2.000000,0.684211,3.263158,True,False,False,False,True,False
167445,935956.000000,2,2,2,0,0.000000,52.500000,1,0.500000,0.500000,0.500000,True,False,True,True,False,False
167445,920732.000000,18,97,97,0,0.000000,15.515464,157,6.000000,0.944444,8.722222,True,False,False,False,True,False
167445,920720.000000,17,42,42,0,0.000000,13.285714,70,4.000000,0.941176,4.117647,True,False,False,False,True,False
167445,943066.000000,18,96,96,0,0.000000,13.104167,147,7.000000,1.000000,8.166667,True,False,False,False,True,False
167445,920838.000000,22,58,58,0,0.000000,11.534483,121,4.000000,1.000000,5.500000,True,False,False,False,True,False
167445,921062.000000,24,90,90,0,0.000000,10.944444,0,0.000000,0.000000,0.000000,False,False,False,False,True,False
167451,951290.000000,6,1,1,0,0.000000,17.000000,20,4.000000,1.000000,3.333333,True,True,True,False,False,False
167451,914172.000000,1,10,10,0,0.000000,12.600000,0,0.000000,0.000000,0.000000,False,True,False,False,False,False
167451,914168.000000,4,1,1,0,0.000000,11.000000,10,2.000000,1.000000,2.500000,True,True,False,False,False,False
167451,914170.000000,3,12,12,0,0.000000,10.666667,3,0.000000,0.333333,1.000000,True,True,False,True,False,False
167455,918390.000000,27,0,0,0,,,109,3.000000,1.000000,4.037037,True,False,False,True,False,False
167456,921102.000000,8,8,8,0,0.000000,25.875000,4,0.000000,0.375000,0.500000,True,True,True,True,False,False
167456,921104.000000,1,1,1,0,0.000000,21.000000,0,0.000000,0.000000,0.000000,False,True,False,False,False,False
167466,921818.000000,28,887,881,6,0.006764,12.484677,992,39.500000,1.000000,35.428571,True,True,True,False,True,True
167466,921814.000000,2,0,0,0,,,11,5.500000,1.000000,5.500000,True,False,False,True,False,False
167471,944646.000000,22,279,278,1,0.003584,10.205036,358,14.000000,0.954545,16.272727,True,True,False,False,True,False
167471,944648.000000,10,3,3,0,0.000000,52.000000,13,0.000000,0.300000,1.300000,True,False,True,True,False,False
167471,944644.000000,18,28,28,0,0.000000,22.428571,136,7.500000,0.944444,7.555556,True,False,False,False,True,False
167471,952656.000000,13,4,4,0,0.000000,7.500000,28,1.000000,0.615385,2.153846,True,False,False,False,False,False
167475,914842.000000,3,3,3,0,0.000000,17.666667,0,0.000000,0.000000,0.000000,False,True,True,False,False,False
167475,930660.000000,5,4,4,0,0.000000,6.500000,11,2.000000,1.000000,2.200000,True,True,False,False,False,False
167475,930662.000000,3,0,0,0,,,4,1.000000,1.000000,1.333333,True,False,False,False,False,False
167479,915556.000000,25,56,55,1,0.017857,6.381818,1280,48.000000,1.000000,51.200000,True,True,True,False,True,True
167479,915558.000000,8,0,0,0,,,109,12.500000,1.000000,13.625000,True,False,False,True,False,False
167487,940968.000000,10,14,14,0,0.000000,15.785714,0,0.000000,0.000000,0.000000,False,True,True,False,False,False
167487,914050.000000,10,4,4,0,0.000000,7.750000,67,3.000000,0.800000,6.700000,True,True,False,False,False,False
167487,914052.000000,26,0,0,0,,,753,28.000000,1.000000,28.961538,True,False,False,False,False,False
167497,924936.000000,6,8,6,2,0.250000,21.166667,0,0.000000,0.000000,0.000000,False,True,False,False,False,False
167497,924948.000000,23,16,15,1,0.062500,19.133333,182,5.000000,0.956522,7.913043,True,True,False,False,False,False
167497,924954.000000,15,18,17,1,0.055556,32.588235,51,3.000000,0.866667,3.400000,True,True,True,False,False,False
167497,924960.000000,25,43,42,1,0.023256,21.690476,86,3.000000,0.880000,3.440000,True,True,False,False,True,False
167497,924934.000000,19,5,5,0,0.000000,38.400000,341,15.000000,1.000000,17.947368,True,False,True,False,False,False
167497,924928.000000,13,23,23,0,0.000000,37.391304,2,0.000000,0.153846,0.153846,False,False,True,False,True,False
167497,924946.000000,8,2,2,0,0.000000,23.500000,4,0.000000,0.375000,0.500000,True,False,True,True,False,False
167497,924940.000000,20,7,7,0,0.000000,21.857143,128,4.500000,0.850000,6.400000,True,False,False,False,False,False
167497,924950.000000,23,23,23,0,0.000000,21.260870,58,2.000000,0.739130,2.521739,True,False,False,False,True,False
167497,924952.000000,19,15,15,0,0.000000,21.200000,20,0.000000,0.421053,1.052632,True,False,False,True,False,False
167497,924930.000000,19,11,11,0,0.000000,16.272727,114,5.000000,0.842105,6.000000,True,False,False,False,False,False
167497,950672.000000,10,1,1,0,0.000000,13.000000,26,1.000000,0.700000,2.600000,True,False,False,False,False,False
167497,924956.000000,16,28,28,0,0.000000,12.178571,11,0.000000,0.437500,0.687500,True,False,False,True,True,False
167497,932836.000000,21,19,19,0,0.000000,12.052632,162,6.000000,0.904762,7.714286,True,False,False,False,False,False
167497,924958.000000,23,22,22,0,0.000000,9.954545,76,2.000000,0.869565,3.304348,True,False,False,False,True,False
167497,924932.000000,9,1,1,0,0.000000,8.000000,5,0.000000,0.333333,0.555556,True,False,False,True,False,False
167497,921116.000000,15,0,0,0,,,27,1.000000,0.733333,1.800000,True,False,False,False,False,False
167506,919956.000000,2,3,3,0,0.000000,9.000000,0,0.000000,0.000000,0.000000,False,True,True,False,False,False
167521,944228.000000,10,31,31,0,0.000000,49.645161,5,0.000000,0.200000,0.500000,False,True,True,False,True,True
167521,944210.000000,19,132,132,0,0.000000,35.378788,51,0.000000,0.473684,2.684211,True,True,True,True,True,True
167521,919794.000000,11,497,497,0,0.000000,24.682093,14,0.000000,0.363636,1.272727,True,True,False,True,True,True
167521,919792.000000,24,340,338,2,0.005882,29.964497,32,1.000000,0.583333,1.333333,True,True,False,False,True,False
167521,944246.000000,5,9,9,0,0.000000,37.000000,1,0.000000,0.200000,0.200000,False,True,True,False,False,False
167521,919790.000000,28,971,971,0,0.000000,32.203913,5,0.000000,0.142857,0.178571,False,True,False,False,True,False
167521,946916.000000,7,24,24,0,0.000000,18.375000,0,0.000000,0.000000,0.000000,False,True,False,False,True,False
167521,944560.000000,4,5,5,0,0.000000,17.800000,1,0.000000,0.250000,0.250000,False,True,False,False,False,False
167521,962268.000000,11,45,45,0,0.000000,16.222222,106,9.000000,0.909091,9.636364,True,True,False,False,True,False
167521,961770.000000,15,82,82,0,0.000000,10.853659,0,0.000000,0.000000,0.000000,False,True,False,False,True,False
167521,956664.000000,1,1,1,0,0.000000,9.000000,0,0.000000,0.000000,0.000000,False,True,False,False,False,False
167521,944808.000000,24,243,243,0,0.000000,2.251029,0,0.000000,0.000000,0.000000,False,True,False,False,True,False
167532,917852.000000,19,210,210,0,0.000000,20.442857,488,25.000000,1.000000,25.684211,True,True,True,False,True,True
167532,917850.000000,18,76,76,0,0.000000,17.223684,43,0.500000,0.500000,2.388889,True,True,False,True,True,True
167532,917846.000000,3,0,0,0,,,4,1.000000,1.000000,1.333333,True,False,False,False,False,False
167532,917856.000000,8,0,0,0,,,17,1.000000,1.000000,2.125000,True,False,False,False,False,False
167533,917876.000000,2,3,3,0,0.000000,9.666667,1,0.500000,0.500000,0.500000,True,True,True,True,False,False
167534,929340.000000,1,1,1,0,0.000000,57.000000,0,0.000000,0.000000,0.000000,False,True,True,False,False,False
167534,929332.000000,1,1,1,0,0.000000,24.000000,0,0.000000,0.000000,0.000000,False,True,False,False,False,False
167543,928382.000000,4,5,5,0,0.000000,3.000000,7,2.000000,0.750000,1.750000,True,True,True,True,False,False
167545,964510.000000,8,16,14,2,0.125000,11.428571,140,11.500000,1.000000,17.500000,True,True,False,False,False,False
167545,916618.000000,16,30,30,0,0.000000,23.033333,14,0.000000,0.062500,0.875000,False,False,True,False,True,False
167575,926872.000000,7,11,11,0,0.000000,0.909091,3,0.000000,0.285714,0.428571,False,True,True,False,False,False
167580,937368.000000,3,9,6,3,0.333333,38.833333,2,0.000000,0.333333,0.666667,True,True,False,True,False,False
167580,937366.000000,3,3,3,0,0.000000,53.666667,2,0.000000,0.333333,0.666667,True,False,True,True,False,False
167580,937362.000000,3,5,5,0,0.000000,50.600000,1,0.000000,0.333333,0.333333,True,False,False,True,False,False
167580,936382.000000,5,1,1,0,0.000000,39.000000,98,12.000000,1.000000,19.600000,True,False,False,False,False,False
167580,937374.000000,13,25,25,0,0.000000,33.360000,0,0.000000,0.000000,0.000000,False,False,False,False,True,False
167580,937156.000000,3,0,0,0,,,42,3.000000,1.000000,14.000000,True,False,False,False,False,False
167580,937352.000000,6,0,0,0,,,16,3.000000,1.000000,2.666667,True,False,False,False,False,False
167580,937370.000000,1,0,0,0,,,0,0.000000,0.000000,0.000000,False,False,False,False,False,False
167580,945728.000000,3,0,0,0,,,105,18.000000,1.000000,35.000000,True,False,False,False,False,False
167580,956298.000000,8,0,0,0,,,15,1.500000,1.000000,1.875000,True,False,False,False,False,False
167580,960666.000000,1,0,0,0,,,0,0.000000,0.000000,0.000000,False,False,False,False,False,False
167580,960670.000000,2,0,0,0,,,3,1.500000,1.000000,1.500000,True,False,False,False,False,False
167580,960672.000000,8,0,0,0,,,268,24.500000,1.000000,33.500000,True,False,False,False,False,False
167580,960674.000000,1,0,0,0,,,0,0.000000,0.000000,0.000000,False,False,False,False,False,False
167599,954086.000000,2,31,31,0,0.000000,2.064516,1,0.500000,0.500000,0.500000,True,True,True,True,False,False
167621,918888.000000,4,3,3,0,0.000000,10.666667,1,0.000000,0.250000,0.250000,False,True,True,False,False,False
167630,920666.000000,17,86,85,1,0.011628,7.564706,115,3.000000,0.941176,6.764706,True,True,True,True,True,True
167634,918436.000000,13,28,27,1,0.035714,23.222222,862,73.000000,0.923077,66.307692,True,True,True,True,True,True
167644,924546.000000,12,17,17,0,0.000000,19.000000,43,3.500000,0.833333,3.583333,True,True,True,False,False,False
167644,924544.000000,18,69,69,0,0.000000,6.724638,4,0.000000,0.222222,0.222222,False,True,False,False,True,False
167646,964712.000000,2,9,9,0,0.000000,18.222222,6,3.000000,0.500000,3.000000,True,True,True,True,False,False
167650,921320.000000,20,51,50,1,0.019608,21.080000,267,14.500000,0.850000,13.350000,True,True,False,False,True,False
167650,931458.000000,23,1336,1327,9,0.006737,18.377543,1394,58.000000,1.000000,60.608696,True,False,False,False,True,False
167650,921318.000000,22,1373,1371,2,0.001457,16.884026,1126,55.500000,1.000000,51.181818,True,False,False,False,True,False
167650,921306.000000,19,219,219,0,0.000000,23.885845,288,10.000000,0.947368,15.157895,True,False,True,True,True,False
167653,939708.000000,6,10,9,1,0.100000,13.222222,36,0.000000,0.166667,6.000000,True,True,True,True,False,False
167653,939706.000000,21,631,627,4,0.006339,9.234450,1004,27.000000,0.761905,47.809524,True,False,False,False,True,False
167654,918978.000000,24,579,577,2,0.003454,9.707106,836,32.000000,1.000000,34.833333,True,True,True,True,True,True
167654,918986.000000,23,536,536,0,0.000000,9.684701,1165,38.000000,1.000000,50.652174,True,False,False,False,True,False
167664,920874.000000,10,20,20,0,0.000000,29.050000,0,0.000000,0.000000,0.000000,False,True,True,False,True,True
167715,935958.000000,11,19,19,0,0.000000,17.842105,0,0.000000,0.000000,0.000000,False,True,True,False,False,False
167715,926184.000000,6,10,10,0,0.000000,6.600000,30,2.500000,1.000000,5.000000,True,True,False,False,False,False
167716,922142.000000,24,0,0,0,,,372,12.000000,1.000000,15.500000,True,False,False,True,False,False
167727,926486.000000,23,11,11,0,0.000000,7.909091,1771,74.000000,1.000000,77.000000,True,True,True,True,False,False
167742,955032.000000,12,38,37,1,0.026316,8.567568,36,2.500000,0.916667,3.000000,True,True,False,False,True,False
167742,955164.000000,3,2,2,0,0.000000,26.000000,3,1.000000,1.000000,1.000000,True,False,True,False,False,False
167742,951526.000000,10,16,16,0,0.000000,15.375000,0,0.000000,0.000000,0.000000,False,False,False,False,False,False
167744,928022.000000,1,2,2,0,0.000000,16.000000,0,0.000000,0.000000,0.000000,False,True,True,False,False,False
167747,922428.000000,23,28,28,0,0.000000,8.392857,177,6.000000,0.913043,7.695652,True,True,True,False,True,True
167747,922474.000000,18,91,91,0,0.000000,7.824176,179,6.500000,0.888889,9.944444,True,True,False,False,True,False
167747,922476.000000,13,0,0,0,,,151,6.000000,1.000000,11.615385,True,False,False,False,False,False
167747,922486.000000,4,0,0,0,,,1,0.000000,0.250000,0.250000,False,False,False,False,False,False
167756,938896.000000,28,924,920,4,0.004329,7.446739,1645,55.500000,1.000000,58.750000,True,True,True,True,True,True
167781,923944.000000,12,16,16,0,0.000000,12.500000,0,0.000000,0.000000,0.000000,False,True,True,False,False,False
167792,933832.000000,10,14,14,0,0.000000,28.714286,0,0.000000,0.000000,0.000000,False,True,True,False,False,False
167799,925104.000000,27,558,558,0,0.000000,7.645161,824,28.000000,1.000000,30.518519,True,True,True,True,True,True
167805,924614.000000,2,3,3,0,0.000000,6.333333,2,1.000000,0.500000,1.000000,True,True,True,True,False,False
167816,928312.000000,18,8,8,0,0.000000,20.375000,1195,57.000000,1.000000,66.388889,True,True,True,True,False,False
167827,929424.000000,24,610,609,1,0.001639,1.068966,340,8.000000,0.833333,14.166667,True,True,True,True,True,True
167827,929426.000000,13,0,0,0,,,7205,555.000000,1.000000,554.230769,True,False,False,False,False,False
167827,929428.000000,14,0,0,0,,,15321,608.000000,1.000000,1094.357143,True,False,False,False,False,False
167828,940430.000000,18,69,68,1,0.014493,1.000000,0,0.000000,0.000000,0.000000,False,True,False,False,True,False
167828,940442.000000,19,156,155,1,0.006410,0.735484,323,13.000000,1.000000,17.000000,True,True,False,False,True,False
167828,940440.000000,17,46,46,0,0.000000,11.282609,13,0.000000,0.352941,0.764706,True,False,True,True,True,False
167828,940436.000000,9,32,32,0,0.000000,10.718750,7,0.000000,0.444444,0.777778,True,False,True,True,True,False
167828,940432.000000,15,133,133,0,0.000000,7.360902,170,7.000000,0.933333,11.333333,True,False,False,False,True,False
167828,938614.000000,15,42,42,0,0.000000,5.880952,30,0.000000,0.400000,2.000000,True,False,False,True,True,False
167828,938612.000000,17,73,73,0,0.000000,5.191781,138,5.000000,0.823529,8.117647,True,False,False,False,True,False
167828,940438.000000,19,42,42,0,0.000000,5.071429,290,14.000000,1.000000,15.263158,True,False,False,False,True,False
167828,940434.000000,19,116,116,0,0.000000,4.715517,92,4.000000,0.894737,4.842105,True,False,False,False,True,False
167829,969272.000000,7,225,224,1,0.004444,9.558036,218,25.000000,1.000000,31.142857,True,True,True,True,True,True
167840,952968.000000,2,2,2,0,0.000000,5.000000,2,1.000000,0.500000,1.000000,True,True,True,True,False,False
167847,928142.000000,2,3,3,0,0.000000,13.000000,0,0.000000,0.000000,0.000000,False,True,True,False,False,False
167852,932798.000000,8,26,25,1,0.038462,8.800000,2,0.000000,0.125000,0.250000,False,True,True,False,True,True
167852,930690.000000,4,2,2,0,0.000000,6.500000,2,0.500000,0.500000,0.500000,True,False,False,False,False,False
167870,936110.000000,24,88,88,0,0.000000,16.090909,0,0.000000,0.000000,0.000000,False,True,True,False,True,True
167888,928886.000000,17,32,31,1,0.031250,9.096774,287,15.000000,1.000000,16.882353,True,True,True,False,True,True
167888,930020.000000,16,32,31,1,0.031250,7.967742,262,16.000000,1.000000,16.375000,True,True,False,False,True,False
167888,928888.000000,17,171,171,0,0.000000,7.374269,312,13.000000,1.000000,18.352941,True,False,False,True,True,False
167906,939698.000000,1,1,1,0,0.000000,17.000000,0,0.000000,0.000000,0.000000,False,True,True,False,False,False
167908,971354.000000,2,6,6,0,0.000000,14.000000,0,0.000000,0.000000,0.000000,False,True,True,False,False,False
167923,951408.000000,9,0,0,0,,,20,2.000000,1.000000,2.222222,True,False,False,True,False,False
167923,973120.000000,1,0,0,0,,,3,3.000000,1.000000,3.000000,True,False,False,False,False,False
167927,929626.000000,17,34,34,0,0.000000,11.588235,14,0.000000,0.470588,0.823529,True,True,False,True,True,True
167927,929622.000000,8,14,14,0,0.000000,14.500000,3,0.000000,0.250000,0.375000,False,True,True,False,False,False
167930,930816.000000,5,4,4,0,0.000000,12.750000,1,0.000000,0.200000,0.200000,False,True,True,False,False,False
167930,930814.000000,4,5,5,0,0.000000,12.600000,0,0.000000,0.000000,0.000000,False,True,False,False,False,False
167930,930820.000000,3,2,2,0,0.000000,12.500000,2,0.000000,0.333333,0.666667,True,True,False,True,False,False
167930,930818.000000,1,1,1,0,0.000000,12.000000,0,0.000000,0.000000,0.000000,False,True,False,False,False,False
167936,931914.000000,9,17,17,0,0.000000,19.058824,0,0.000000,0.000000,0.000000,False,True,True,False,False,False
167947,930582.000000,1,1,1,0,0.000000,16.000000,0,0.000000,0.000000,0.000000,False,True,True,False,False,False
167947,930586.000000,15,0,0,0,,,169,10.000000,1.000000,11.266667,True,False,False,False,False,False
167947,930590.000000,6,0,0,0,,,23,3.000000,1.000000,3.833333,True,False,False,False,False,False
167947,930594.000000,5,0,0,0,,,24,4.000000,1.000000,4.800000,True,False,False,False,False,False
167948,930326.000000,4,5,5,0,0.000000,14.200000,0,0.000000,0.000000,0.000000,False,True,True,False,False,False
167949,929884.000000,7,10,10,0,0.000000,20.000000,8,0.000000,0.428571,1.142857,True,True,True,True,False,False
167949,929876.000000,18,19,19,0,0.000000,15.368421,35,1.000000,0.777778,1.944444,True,True,False,False,False,False
167949,968232.000000,1,1,1,0,0.000000,13.000000,0,0.000000,0.000000,0.000000,False,True,False,False,False,False
167949,941384.000000,22,36,36,0,0.000000,11.500000,517,24.500000,1.000000,23.500000,True,True,False,False,True,False
167955,930186.000000,2,1,1,0,0.000000,1.000000,8,4.000000,1.000000,4.000000,True,True,True,True,False,False
167955,941192.000000,22,0,0,0,,,1156,47.000000,1.000000,52.545455,True,False,False,False,False,False
167958,951186.000000,11,91,91,0,0.000000,8.593407,5,0.000000,0.272727,0.454545,False,True,True,False,True,True
167958,969294.000000,5,84,84,0,0.000000,8.452381,10,1.000000,0.600000,2.000000,True,True,False,False,False,False
167969,932750.000000,5,8,8,0,0.000000,10.375000,7,1.000000,0.800000,1.400000,True,True,True,False,False,False
167969,932754.000000,1,1,1,0,0.000000,6.000000,0,0.000000,0.000000,0.000000,False,True,False,False,False,False
167969,946582.000000,9,43,43,0,0.000000,1.837209,32,3.000000,0.777778,3.555556,True,True,False,False,True,False
167976,934430.000000,14,20,18,2,0.100000,26.722222,0,0.000000,0.000000,0.000000,False,True,False,False,True,False
167976,934432.000000,5,8,8,0,0.000000,36.375000,0,0.000000,0.000000,0.000000,False,False,True,False,False,False
167976,934424.000000,3,5,5,0,0.000000,28.400000,0,0.000000,0.000000,0.000000,False,False,False,False,False,False
167976,934428.000000,11,18,18,0,0.000000,23.666667,0,0.000000,0.000000,0.000000,False,False,False,False,False,False
167977,944226.000000,27,149,122,27,0.181208,39.377049,46,1.000000,0.592593,1.703704,True,True,True,True,True,True
167977,944216.000000,28,236,209,27,0.114407,32.889952,125,2.000000,0.785714,4.464286,True,False,False,False,True,False
167977,944222.000000,27,149,137,12,0.080537,31.970803,281,8.000000,0.888889,10.407407,True,False,False,False,True,False
167977,944218.000000,28,193,181,12,0.062176,34.209945,164,5.000000,0.857143,5.857143,True,False,False,False,True,False
167977,944220.000000,28,231,218,13,0.056277,33.564220,204,5.000000,1.000000,7.285714,True,False,False,False,True,False
167989,936324.000000,9,17,17,0,0.000000,14.764706,16,0.000000,0.444444,1.777778,True,True,True,True,False,False
167989,936296.000000,1,0,0,0,,,1,1.000000,1.000000,1.000000,True,False,False,False,False,False
167989,954376.000000,2,0,0,0,,,1,0.500000,0.500000,0.500000,True,False,False,False,False,False
167989,954378.000000,2,0,0,0,,,1,0.500000,0.500000,0.500000,True,False,False,False,False,False
167989,954380.000000,2,0,0,0,,,0,0.000000,0.000000,0.000000,False,False,False,False,False,False
167994,933996.000000,2,1,1,0,0.000000,50.000000,0,0.000000,0.000000,0.000000,False,True,True,False,False,False
167994,933986.000000,2,2,2,0,0.000000,36.000000,1,0.500000,0.500000,0.500000,True,True,False,False,False,False
167994,934000.000000,2,2,2,0,0.000000,21.000000,0,0.000000,0.000000,0.000000,False,True,False,False,False,False
167995,941844.000000,6,8,7,1,0.125000,17.142857,12,2.000000,0.833333,2.000000,True,True,True,False,False,False
167995,941838.000000,3,0,0,0,,,9,3.000000,1.000000,3.000000,True,False,False,False,False,False
167995,941842.000000,3,0,0,0,,,3,1.000000,1.000000,1.000000,True,False,False,True,False,False
167998,944908.000000,2,2,2,0,0.000000,13.500000,0,0.000000,0.000000,0.000000,False,True,True,False,False,False
167999,933804.000000,6,11,11,0,0.000000,14.636364,0,0.000000,0.000000,0.000000,False,True,True,False,False,False
167999,933806.000000,9,0,0,0,,,268,25.000000,1.000000,29.777778,True,False,False,False,False,False
167999,933810.000000,7,0,0,0,,,103,15.000000,1.000000,14.714286,True,False,False,False,False,False
168000,933244.000000,6,2,2,0,0.000000,9.000000,84,4.000000,1.000000,14.000000,True,True,True,True,False,False
168000,968338.000000,7,16,16,0,0.000000,8.500000,259,27.000000,1.000000,37.000000,True,True,False,False,False,False
168004,934098.000000,1,2,1,1,0.500000,22.000000,0,0.000000,0.000000,0.000000,False,True,True,False,False,False
168008,948524.000000,3,3,3,0,0.000000,5.000000,0,0.000000,0.000000,0.000000,False,True,True,False,False,False
168008,946988.000000,1,0,0,0,,,1,1.000000,1.000000,1.000000,True,False,False,False,False,False
168010,932672.000000,1,1,1,0,0.000000,1.000000,0,0.000000,0.000000,0.000000,False,True,True,False,False,False
168010,932676.000000,1,0,0,0,,,4,4.000000,1.000000,4.000000,True,False,False,False,False,False
168016,935870.000000,3,4,4,0,0.000000,15.500000,0,0.000000,0.000000,0.000000,False,True,True,False,False,False
168018,945894.000000,7,0,0,0,,,1204,128.000000,1.000000,172.000000,True,False,False,True,False,False
168018,945900.000000,15,0,0,0,,,2986,198.000000,1.000000,199.066667,True,False,False,False,False,False
168018,945902.000000,13,0,0,0,,,2183,166.000000,1.000000,167.923077,True,False,False,False,False,False
168018,945904.000000,12,0,0,0,,,2404,231.500000,1.000000,200.333333,True,False,False,False,False,False
168019,935216.000000,9,1,1,0,0.000000,7.000000,21,2.000000,0.888889,2.333333,True,True,True,True,False,False
168019,965232.000000,3,0,0,0,,,34,13.000000,1.000000,11.333333,True,False,False,False,False,False
168021,939224.000000,19,28,27,1,0.035714,16.444444,1364,82.000000,1.000000,71.789474,True,True,True,False,True,True
168021,939222.000000,19,22,22,0,0.000000,11.954545,642,31.000000,1.000000,33.789474,True,False,False,False,True,False
168021,939218.000000,20,9,9,0,0.000000,7.111111,315,13.000000,1.000000,15.750000,True,False,False,True,False,False
168021,968150.000000,6,4,4,0,0.000000,1.000000,100,16.000000,1.000000,16.666667,True,False,False,False,False,False
168041,934534.000000,27,102,100,2,0.019608,18.470000,0,0.000000,0.000000,0.000000,False,True,False,False,True,False
168041,936514.000000,21,59,58,1,0.016949,20.534483,0,0.000000,0.000000,0.000000,False,False,True,False,True,False
168042,934170.000000,1,1,1,0,0.000000,15.000000,0,0.000000,0.000000,0.000000,False,True,True,False,False,False
168047,937604.000000,11,4,4,0,0.000000,13.750000,28,2.000000,1.000000,2.545455,True,True,True,True,False,False
168048,950806.000000,5,9,9,0,0.000000,9.777778,4,0.000000,0.200000,0.800000,False,True,True,False,False,False
168054,971102.000000,4,78,78,0,0.000000,17.564103,0,0.000000,0.000000,0.000000,False,True,True,False,False,False
168054,971100.000000,2,3,3,0,0.000000,8.666667,0,0.000000,0.000000,0.000000,False,True,False,False,False,False
168062,951508.000000,19,339,315,24,0.070796,18.917460,24,0.000000,0.473684,1.263158,True,True,False,True,True,True
168062,951506.000000,19,42,42,0,0.000000,41.285714,18,0.000000,0.315789,0.947368,True,True,True,True,True,True
168062,951492.000000,19,30,30,0,0.000000,22.633333,84,3.000000,0.789474,4.421053,True,True,True,True,True,True
168062,947612.000000,18,1,1,0,0.000000,18.000000,115,4.500000,1.000000,6.388889,True,True,False,True,False,False
168062,947642.000000,17,1,1,0,0.000000,14.000000,956,38.000000,1.000000,56.235294,True,True,False,False,False,False
168062,947638.000000,18,2,2,0,0.000000,13.500000,1330,71.000000,1.000000,73.888889,True,True,False,False,False,False
168062,947610.000000,5,1,1,0,0.000000,6.000000,6,1.000000,0.600000,1.200000,True,True,False,True,False,False
168062,947590.000000,19,0,0,0,,,183,9.000000,1.000000,9.631579,True,False,False,False,False,False
168062,947592.000000,14,0,0,0,,,907,62.500000,1.000000,64.785714,True,False,False,False,False,False
168062,947596.000000,1,0,0,0,,,1,1.000000,1.000000,1.000000,True,False,False,True,False,False
168062,947598.000000,17,0,0,0,,,481,25.000000,1.000000,28.294118,True,False,False,False,False,False
168062,947600.000000,14,0,0,0,,,305,21.500000,1.000000,21.785714,True,False,False,False,False,False
168062,947604.000000,19,0,0,0,,,964,49.000000,1.000000,50.736842,True,False,False,False,False,False
168062,947614.000000,17,0,0,0,,,981,71.000000,0.941176,57.705882,True,False,False,False,False,False
168062,947616.000000,19,0,0,0,,,2138,105.000000,1.000000,112.526316,True,False,False,False,False,False
168062,947618.000000,15,0,0,0,,,1116,76.000000,1.000000,74.400000,True,False,False,False,False,False
168062,947620.000000,19,0,0,0,,,1264,61.000000,1.000000,66.526316,True,False,False,False,False,False
168062,947636.000000,5,0,0,0,,,107,27.000000,1.000000,21.400000,True,False,False,False,False,False
168062,947640.000000,12,0,0,0,,,526,50.500000,1.000000,43.833333,True,False,False,False,False,False
168062,947644.000000,19,0,0,0,,,457,21.000000,1.000000,24.052632,True,False,False,False,False,False
168062,947646.000000,15,0,0,0,,,1978,129.000000,1.000000,131.866667,True,False,False,False,False,False
168062,947648.000000,18,0,0,0,,,3062,157.500000,1.000000,170.111111,True,False,False,False,False,False
168062,947650.000000,19,0,0,0,,,1781,88.000000,1.000000,93.736842,True,False,False,False,False,False
168062,947652.000000,14,0,0,0,,,566,37.500000,1.000000,40.428571,True,False,False,False,False,False
168062,947654.000000,16,0,0,0,,,2607,147.000000,1.000000,162.937500,True,False,False,False,False,False
168062,947658.000000,19,0,0,0,,,2835,123.000000,1.000000,149.210526,True,False,False,False,False,False
168062,952392.000000,18,0,0,0,,,1545,71.000000,1.000000,85.833333,True,False,False,False,False,False
168064,939762.000000,28,722,722,0,0.000000,18.518006,1615,44.000000,1.000000,57.678571,True,True,True,True,True,True
168073,937432.000000,1,1,1,0,0.000000,12.000000,0,0.000000,0.000000,0.000000,False,True,True,False,False,False
168073,937422.000000,2,0,0,0,,,6,3.000000,0.500000,3.000000,True,False,False,False,False,False
168073,937428.000000,1,0,0,0,,,0,0.000000,0.000000,0.000000,False,False,False,False,False,False
168073,937430.000000,1,0,0,0,,,0,0.000000,0.000000,0.000000,False,False,False,False,False,False
168073,941736.000000,2,0,0,0,,,0,0.000000,0.000000,0.000000,False,False,False,False,False,False
168073,953362.000000,1,0,0,0,,,3,3.000000,1.000000,3.000000,True,False,False,False,False,False
168073,954284.000000,1,0,0,0,,,0,0.000000,0.000000,0.000000,False,False,False,False,False,False
168090,964518.000000,1,2,2,0,0.000000,21.000000,0,0.000000,0.000000,0.000000,False,True,True,False,False,False
168091,958460.000000,14,113,110,3,0.026549,49.972727,54,4.000000,0.857143,3.857143,True,True,True,False,True,True
168091,958434.000000,13,24,23,1,0.041667,39.608696,61,2.000000,0.692308,4.692308,True,True,False,False,True,False
168091,958452.000000,13,38,37,1,0.026316,11.783784,442,31.000000,1.000000,34.000000,True,False,False,False,True,False
168091,958470.000000,8,4,4,0,0.000000,50.750000,13,1.500000,0.875000,1.625000,True,False,True,False,False,False
168091,958468.000000,13,9,9,0,0.000000,35.444444,505,39.000000,1.000000,38.846154,True,False,False,False,False,False
168091,958478.000000,10,7,7,0,0.000000,33.857143,315,31.500000,1.000000,31.500000,True,False,False,False,False,False
168091,958432.000000,14,17,17,0,0.000000,26.941176,128,8.000000,1.000000,9.142857,True,False,False,False,False,False
168091,958456.000000,11,10,10,0,0.000000,26.400000,844,83.000000,0.909091,76.727273,True,False,False,False,False,False
168091,958430.000000,13,22,22,0,0.000000,18.590909,198,14.000000,1.000000,15.230769,True,False,False,False,True,False
168091,958454.000000,10,2,2,0,0.000000,15.000000,0,0.000000,0.000000,0.000000,False,False,False,False,False,False
168091,958440.000000,12,0,0,0,,,1,0.000000,0.083333,0.083333,False,False,False,False,False,False
168091,958444.000000,13,0,0,0,,,2,0.000000,0.153846,0.153846,False,False,False,False,False,False
168091,958458.000000,1,0,0,0,,,0,0.000000,0.000000,0.000000,False,False,False,False,False,False
168091,958472.000000,9,0,0,0,,,31,4.000000,1.000000,3.444444,True,False,False,False,False,False
168091,958480.000000,4,0,0,0,,,176,39.000000,1.000000,44.000000,True,False,False,False,False,False
168091,958672.000000,14,0,0,0,,,2,0.000000,0.142857,0.142857,False,False,False,False,False,False
168097,935268.000000,1,1,1,0,0.000000,8.000000,0,0.000000,0.000000,0.000000,False,True,True,False,False,False
168101,935548.000000,7,10,10,0,0.000000,11.900000,0,0.000000,0.000000,0.000000,False,True,True,False,False,False
168105,951118.000000,3,3,3,0,0.000000,38.000000,0,0.000000,0.000000,0.000000,False,True,True,False,False,False
168105,936984.000000,23,58,58,0,0.000000,12.586207,0,0.000000,0.000000,0.000000,False,True,False,False,True,False
168105,970484.000000,2,0,0,0,,,7,3.500000,1.000000,3.500000,True,False,False,False,False,False
168105,970486.000000,2,0,0,0,,,6,3.000000,1.000000,3.000000,True,False,False,False,False,False
168110,938432.000000,4,8,8,0,0.000000,20.750000,0,0.000000,0.000000,0.000000,False,True,True,False,False,False
168121,940508.000000,1,2,2,0,0.000000,41.500000,0,0.000000,0.000000,0.000000,False,True,True,False,False,False
168121,940458.000000,17,18,18,0,0.000000,32.055556,41,2.000000,0.647059,2.411765,True,True,False,False,False,False
168121,940512.000000,1,1,1,0,0.000000,19.000000,0,0.000000,0.000000,0.000000,False,True,False,False,False,False
168121,940514.000000,1,1,1,0,0.000000,11.000000,0,0.000000,0.000000,0.000000,False,True,False,False,False,False
168121,940456.000000,12,21,21,0,0.000000,7.619048,4,0.000000,0.166667,0.333333,False,True,False,False,True,False
168121,940460.000000,12,0,0,0,,,61,1.500000,1.000000,5.083333,True,False,False,False,False,False
168121,940474.000000,8,0,0,0,,,16,1.000000,0.875000,2.000000,True,False,False,False,False,False
168128,937650.000000,1,0,0,0,,,1,1.000000,1.000000,1.000000,True,False,False,True,False,False
168154,939376.000000,20,155,154,1,0.006452,14.357143,1005,51.000000,1.000000,50.250000,True,True,False,False,True,False
168154,939370.000000,25,338,336,2,0.005917,17.562500,494,0.000000,0.440000,19.760000,True,False,True,True,True,False
168155,938414.000000,10,93,91,2,0.021505,23.142857,40,2.000000,0.900000,4.000000,True,True,False,False,True,False
168155,969288.000000,3,3,3,0,0.000000,29.333333,2,0.000000,0.333333,0.666667,True,False,True,True,False,False
168180,958640.000000,10,11,10,1,0.090909,10.400000,11,0.000000,0.300000,1.100000,True,True,True,True,False,False
168185,939212.000000,9,8,8,0,0.000000,18.500000,10,1.000000,0.555556,1.111111,True,True,True,True,False,False
168187,948286.000000,27,372,354,18,0.048387,16.437853,0,0.000000,0.000000,0.000000,False,True,True,False,True,True
168187,937732.000000,19,93,91,2,0.021505,16.186813,135,6.000000,1.000000,7.105263,True,True,True,False,True,True
168187,937898.000000,1,9,7,2,0.222222,7.714286,32,32.000000,1.000000,32.000000,True,True,False,False,False,False
168187,937860.000000,19,171,163,8,0.046784,8.625767,1443,80.000000,1.000000,75.947368,True,True,False,False,True,False
168187,937874.000000,5,23,22,1,0.043478,9.590909,149,34.000000,1.000000,29.800000,True,True,False,False,False,False
168187,948288.000000,9,24,23,1,0.041667,13.260870,0,0.000000,0.000000,0.000000,False,True,False,False,True,False
168187,937962.000000,20,93,91,2,0.021505,13.549451,0,0.000000,0.000000,0.000000,False,True,False,False,True,False
168187,937966.000000,19,183,180,3,0.016393,8.811111,470,21.000000,1.000000,24.736842,True,True,False,False,True,False
168187,937780.000000,19,132,130,2,0.015152,10.630769,696,38.000000,0.947368,36.631579,True,True,False,False,True,False
168187,937956.000000,28,689,679,10,0.014514,1.263623,1,0.000000,0.035714,0.035714,False,False,False,False,True,False
168187,937812.000000,18,143,141,2,0.013986,13.730496,130,4.000000,1.000000,7.222222,True,False,True,False,True,False
168187,937958.000000,28,217,214,3,0.013825,5.976636,0,0.000000,0.000000,0.000000,False,False,False,False,True,False
168187,937762.000000,23,75,74,1,0.013333,12.824324,151,6.000000,0.869565,6.565217,True,False,False,False,True,False
168187,937808.000000,19,113,112,1,0.008850,11.571429,567,34.000000,1.000000,29.842105,True,False,False,False,True,False
168187,937902.000000,19,156,155,1,0.006410,11.270968,623,29.000000,1.000000,32.789474,True,False,False,False,True,False
168187,937750.000000,4,4,4,0,0.000000,43.750000,3,0.000000,0.250000,0.750000,False,False,True,False,False,False
168187,948284.000000,4,4,4,0,0.000000,26.750000,0,0.000000,0.000000,0.000000,False,False,True,False,False,False
168187,937742.000000,10,20,20,0,0.000000,16.250000,2,0.000000,0.200000,0.200000,False,False,True,False,True,False
168187,937782.000000,13,15,15,0,0.000000,15.266667,16,1.000000,0.692308,1.230769,True,False,True,False,False,False
168187,937856.000000,10,6,6,0,0.000000,13.833333,20,1.500000,0.700000,2.000000,True,False,True,False,False,False
168187,937736.000000,19,199,199,0,0.000000,13.552764,930,37.000000,1.000000,48.947368,True,False,True,False,True,False
168187,937862.000000,18,75,75,0,0.000000,12.880000,248,12.000000,1.000000,13.777778,True,False,False,False,True,False
168187,937988.000000,14,43,43,0,0.000000,12.372093,212,14.500000,1.000000,15.142857,True,False,False,False,True,False
168187,937760.000000,19,199,199,0,0.000000,11.994975,451,25.000000,1.000000,23.736842,True,False,False,False,True,False
168187,937788.000000,17,85,85,0,0.000000,11.905882,344,15.000000,1.000000,20.235294,True,False,False,False,True,False
168187,937708.000000,20,127,127,0,0.000000,11.897638,482,22.500000,0.950000,24.100000,True,False,False,False,True,False
168187,937868.000000,19,33,33,0,0.000000,11.636364,161,8.000000,1.000000,8.473684,True,False,False,False,True,False
168187,937864.000000,12,23,23,0,0.000000,10.956522,49,0.000000,0.333333,4.083333,True,False,False,True,True,False
168187,937752.000000,24,393,393,0,0.000000,10.572519,1169,50.000000,0.791667,48.708333,True,False,False,False,True,False
168187,937980.000000,8,47,47,0,0.000000,10.127660,41,3.500000,0.500000,5.125000,True,False,False,False,True,False
168187,937854.000000,19,126,126,0,0.000000,9.706349,336,16.000000,1.000000,17.684211,True,False,False,False,True,False
168187,937960.000000,26,180,180,0,0.000000,9.150000,0,0.000000,0.000000,0.000000,False,False,False,False,True,False
168187,937786.000000,3,3,3,0,0.000000,9.000000,10,4.000000,0.666667,3.333333,True,False,False,False,False,False
168187,937880.000000,1,1,1,0,0.000000,9.000000,0,0.000000,0.000000,0.000000,False,False,False,False,False,False
168187,937810.000000,21,78,78,0,0.000000,8.820513,177,8.000000,0.857143,8.428571,True,False,False,False,True,False
168187,937678.000000,19,11,11,0,0.000000,8.545455,113,5.000000,0.947368,5.947368,True,False,False,False,False,False
168187,937984.000000,6,6,6,0,0.000000,8.000000,5,0.500000,0.500000,0.833333,True,False,False,False,False,False
168187,937888.000000,22,155,155,0,0.000000,7.987097,663,31.000000,0.863636,30.136364,True,False,False,False,True,False
168187,937774.000000,13,140,140,0,0.000000,6.850000,175,5.000000,0.769231,13.461538,True,False,False,False,True,False
168187,946072.000000,1,1,1,0,0.000000,6.000000,1,1.000000,1.000000,1.000000,True,False,False,False,False,False
168187,948282.000000,1,1,1,0,0.000000,1.000000,0,0.000000,0.000000,0.000000,False,False,False,False,False,False
168187,937716.000000,1,0,0,0,,,1,1.000000,1.000000,1.000000,True,False,False,False,False,False
168187,937770.000000,1,0,0,0,,,1,1.000000,1.000000,1.000000,True,False,False,False,False,False
168187,937778.000000,1,0,0,0,,,1,1.000000,1.000000,1.000000,True,False,False,False,False,False
168187,937870.000000,3,0,0,0,,,13,2.000000,1.000000,4.333333,True,False,False,False,False,False
168187,937900.000000,1,0,0,0,,,4,4.000000,1.000000,4.000000,True,False,False,False,False,False
168190,952982.000000,6,9,9,0,0.000000,0.888889,0,0.000000,0.000000,0.000000,False,True,True,False,False,False
168193,947816.000000,6,12,12,0,0.000000,19.583333,24,4.000000,1.000000,4.000000,True,True,True,False,False,False
168193,948170.000000,3,2,2,0,0.000000,15.000000,3,0.000000,0.333333,1.000000,True,True,False,True,False,False
168193,951046.000000,5,3,3,0,0.000000,14.000000,54,8.000000,0.800000,10.800000,True,True,False,False,False,False
168193,947818.000000,7,15,15,0,0.000000,10.200000,36,4.000000,0.857143,5.142857,True,True,False,False,False,False
168193,948150.000000,3,32,32,0,0.000000,9.968750,5,1.000000,0.666667,1.666667,True,True,False,True,False,False
168193,947820.000000,1,0,0,0,,,17,17.000000,1.000000,17.000000,True,False,False,False,False,False
168202,944564.000000,1,1,1,0,0.000000,15.000000,0,0.000000,0.000000,0.000000,False,True,True,False,False,False
168221,952292.000000,1,2,2,0,0.000000,40.500000,0,0.000000,0.000000,0.000000,False,True,True,False,False,False
168221,944474.000000,1,3,3,0,0.000000,37.333333,0,0.000000,0.000000,0.000000,False,True,False,False,False,False
168221,944476.000000,25,200,200,0,0.000000,13.645000,3,0.000000,0.080000,0.120000,False,True,False,False,True,False
168225,970240.000000,1,1,1,0,0.000000,44.000000,1,1.000000,1.000000,1.000000,True,True,True,True,False,False
168225,970244.000000,1,2,2,0,0.000000,40.500000,1,1.000000,1.000000,1.000000,True,True,False,True,False,False
168225,970254.000000,1,3,3,0,0.000000,40.333333,6,6.000000,1.000000,6.000000,True,True,False,False,False,False
168225,970252.000000,1,1,1,0,0.000000,25.000000,7,7.000000,1.000000,7.000000,True,True,False,False,False,False
168225,970242.000000,1,0,0,0,,,8,8.000000,1.000000,8.000000,True,False,False,False,False,False
168225,970250.000000,1,0,0,0,,,1,1.000000,1.000000,1.000000,True,False,False,True,False,False
168225,970258.000000,1,0,0,0,,,1,1.000000,1.000000,1.000000,True,False,False,True,False,False
168228,939684.000000,15,17,17,0,0.000000,15.176471,60,0.000000,0.400000,4.000000,True,True,True,True,False,False
168228,939736.000000,1,0,0,0,,,4,4.000000,1.000000,4.000000,True,False,False,False,False,False
168228,939738.000000,19,0,0,0,,,603,30.000000,1.000000,31.736842,True,False,False,False,False,False
168252,964666.000000,6,45,42,3,0.066667,14.095238,874,129.000000,1.000000,145.666667,True,True,True,False,False,False
168252,940622.000000,17,729,711,18,0.024691,4.455696,806,19.000000,0.823529,47.411765,True,True,False,False,True,False
168252,940652.000000,20,414,405,9,0.021739,4.162963,962,3.500000,0.550000,48.100000,True,True,False,False,True,False
168252,940614.000000,11,145,142,3,0.020690,3.218310,570,10.000000,0.727273,51.818182,True,True,False,False,True,False
168252,940658.000000,18,616,607,9,0.014610,5.018122,1495,90.500000,1.000000,83.055556,True,False,False,False,True,False
168252,940588.000000,21,2066,2039,27,0.013069,2.984306,42,0.000000,0.190476,2.000000,False,False,False,False,True,False
168252,940634.000000,14,259,256,3,0.011583,9.492188,1340,94.500000,1.000000,95.714286,True,False,False,False,True,False
168252,940616.000000,16,473,469,4,0.008457,5.816631,2319,150.000000,1.000000,144.937500,True,False,False,False,True,False
168252,940630.000000,19,1568,1558,10,0.006378,3.842105,152,0.000000,0.157895,8.000000,True,False,False,True,True,False
168252,956080.000000,3,5,5,0,0.000000,50.400000,0,0.000000,0.000000,0.000000,False,False,True,False,False,False
168252,950972.000000,9,4,4,0,0.000000,29.250000,893,88.000000,1.000000,99.222222,True,False,True,False,False,False
168252,966686.000000,1,2,2,0,0.000000,16.500000,0,0.000000,0.000000,0.000000,False,False,True,False,False,False
168252,961064.000000,8,24,24,0,0.000000,7.583333,904,116.500000,1.000000,113.000000,True,False,False,False,True,False
168252,940624.000000,21,413,413,0,0.000000,5.702179,1210,68.000000,0.952381,57.619048,True,False,False,False,True,False
168252,944310.000000,2,3,3,0,0.000000,5.000000,0,0.000000,0.000000,0.000000,False,False,False,False,False,False
168252,940828.000000,2,2,2,0,0.000000,2.000000,12,6.000000,0.500000,6.000000,True,False,False,False,False,False
168252,939716.000000,3,0,0,0,,,2,1.000000,0.666667,0.666667,True,False,False,False,False,False
168252,940568.000000,1,0,0,0,,,5,5.000000,1.000000,5.000000,True,False,False,False,False,False
168252,940596.000000,5,0,0,0,,,475,93.000000,1.000000,95.000000,True,False,False,False,False,False
168252,940782.000000,1,0,0,0,,,2,2.000000,1.000000,2.000000,True,False,False,False,False,False
168252,940788.000000,5,0,0,0,,,0,0.000000,0.000000,0.000000,False,False,False,False,False,False
168252,940802.000000,2,0,0,0,,,4,2.000000,1.000000,2.000000,True,False,False,False,False,False
168252,940814.000000,1,0,0,0,,,2,2.000000,1.000000,2.000000,True,False,False,False,False,False
168252,940842.000000,1,0,0,0,,,0,0.000000,0.000000,0.000000,False,False,False,False,False,False
168252,940848.000000,1,0,0,0,,,2,2.000000,1.000000,2.000000,True,False,False,False,False,False
168253,952948.000000,26,4112,4104,8,0.001946,1.612086,1272,38.000000,0.961538,48.923077,True,True,True,False,True,True
168253,952954.000000,2,3,3,0,0.000000,1.000000,0,0.000000,0.000000,0.000000,False,False,False,False,False,False
168264,951490.000000,14,31,31,0,0.000000,13.838710,0,0.000000,0.000000,0.000000,False,True,True,False,True,True
168271,944766.000000,11,152,151,1,0.006579,9.039735,142,7.000000,0.727273,12.909091,True,True,False,False,True,False
168271,954650.000000,20,462,459,3,0.006494,10.420479,987,50.500000,1.000000,49.350000,True,False,True,False,True,False
168271,944764.000000,18,352,350,2,0.005682,6.908571,286,3.000000,0.777778,15.888889,True,False,False,True,True,False
168275,940952.000000,17,164,164,0,0.000000,12.743902,110,2.000000,0.764706,6.470588,True,True,True,True,True,True
168291,946454.000000,2,0,0,0,,,13,6.500000,1.000000,6.500000,True,False,False,True,False,False
168295,960620.000000,10,79,78,1,0.012658,14.346154,64,5.000000,1.000000,6.400000,True,True,False,True,True,True
168295,960648.000000,10,33,33,0,0.000000,17.545455,78,5.000000,0.900000,7.800000,True,False,True,True,True,False
168303,949252.000000,1,2,2,0,0.000000,14.000000,0,0.000000,0.000000,0.000000,False,True,True,False,False,False
168307,945052.000000,1,2,2,0,0.000000,6.500000,0,0.000000,0.000000,0.000000,False,True,True,False,False,False
168307,945046.000000,1,1,1,0,0.000000,3.000000,6,6.000000,1.000000,6.000000,True,True,False,False,False,False
168315,952734.000000,19,452,452,0,0.000000,1.103982,0,0.000000,0.000000,0.000000,False,True,True,False,True,True
168336,947304.000000,12,34,30,4,0.117647,5.000000,578,52.000000,1.000000,48.166667,True,True,False,False,True,False
168336,958416.000000,12,15,14,1,0.066667,18.571429,298,28.000000,1.000000,24.833333,True,True,False,False,False,False
168336,948758.000000,13,18,17,1,0.055556,25.705882,572,25.000000,0.923077,44.000000,True,False,True,False,False,False
168336,969380.000000,2,1,1,0,0.000000,21.000000,0,0.000000,0.000000,0.000000,False,False,True,False,False,False
168336,966158.000000,8,3,3,0,0.000000,15.000000,24,1.000000,0.625000,3.000000,True,False,False,False,False,False
168336,958418.000000,13,12,12,0,0.000000,8.916667,469,38.000000,1.000000,36.076923,True,False,False,False,False,False
168336,948756.000000,11,0,0,0,,,133,2.000000,0.909091,12.090909,True,False,False,False,False,False
168336,967204.000000,3,0,0,0,,,0,0.000000,0.000000,0.000000,False,False,False,False,False,False
168336,969262.000000,1,0,0,0,,,0,0.000000,0.000000,0.000000,False,False,False,False,False,False
168336,969268.000000,2,0,0,0,,,3,1.500000,0.500000,1.500000,True,False,False,False,False,False
168336,969284.000000,1,0,0,0,,,0,0.000000,0.000000,0.000000,False,False,False,False,False,False
168336,969286.000000,3,0,0,0,,,6,2.000000,1.000000,2.000000,True,False,False,False,False,False
168336,969386.000000,5,0,0,0,,,53,6.000000,0.800000,10.600000,True,False,False,False,False,False
168361,945278.000000,16,0,0,0,,,3302,225.500000,1.000000,206.375000,True,False,False,False,False,False
168361,945280.000000,16,0,0,0,,,1990,103.000000,1.000000,124.375000,True,False,False,False,False,False
168361,945282.000000,21,0,0,0,,,2081,97.000000,1.000000,99.095238,True,False,False,False,False,False
168361,945284.000000,15,0,0,0,,,1703,113.000000,1.000000,113.533333,True,False,False,False,False,False
168361,945286.000000,21,0,0,0,,,6443,275.000000,1.000000,306.809524,True,False,False,False,False,False
168361,945288.000000,14,0,0,0,,,1736,121.000000,1.000000,124.000000,True,False,False,False,False,False
168361,945290.000000,24,0,0,0,,,2925,109.000000,1.000000,121.875000,True,False,False,False,False,False
168361,945294.000000,15,0,0,0,,,2349,152.000000,1.000000,156.600000,True,False,False,False,False,False
168361,945296.000000,26,0,0,0,,,2104,77.500000,1.000000,80.923077,True,False,False,True,False,False
168361,945298.000000,14,0,0,0,,,1301,84.500000,1.000000,92.928571,True,False,False,True,False,False
168361,945302.000000,26,0,0,0,,,5206,198.500000,1.000000,200.230769,True,False,False,False,False,False
168361,945304.000000,15,0,0,0,,,2311,146.000000,1.000000,154.066667,True,False,False,False,False,False
168361,945308.000000,8,0,0,0,,,970,126.500000,1.000000,121.250000,True,False,False,False,False,False
168361,945310.000000,18,0,0,0,,,3017,162.500000,1.000000,167.611111,True,False,False,False,False,False
168361,945312.000000,19,0,0,0,,,1976,109.000000,1.000000,104.000000,True,False,False,False,False,False
168361,945314.000000,22,0,0,0,,,1445,56.000000,1.000000,65.681818,True,False,False,True,False,False
168361,945316.000000,23,0,0,0,,,2222,79.000000,1.000000,96.608696,True,False,False,True,False,False
168361,945318.000000,12,0,0,0,,,1433,107.500000,1.000000,119.416667,True,False,False,False,False,False
168361,945320.000000,15,0,0,0,,,1970,120.000000,1.000000,131.333333,True,False,False,False,False,False
168361,945322.000000,26,0,0,0,,,4396,158.500000,1.000000,169.076923,True,False,False,False,False,False
168361,945324.000000,18,0,0,0,,,1825,98.500000,1.000000,101.388889,True,False,False,False,False,False
168361,965538.000000,7,0,0,0,,,548,56.000000,1.000000,78.285714,True,False,False,True,False,False
168361,965540.000000,9,0,0,0,,,919,98.000000,1.000000,102.111111,True,False,False,False,False,False
168361,965542.000000,5,0,0,0,,,762,173.000000,1.000000,152.400000,True,False,False,False,False,False
168361,965544.000000,6,0,0,0,,,1276,266.000000,1.000000,212.666667,True,False,False,False,False,False
168366,952678.000000,1,1,1,0,0.000000,30.000000,0,0.000000,0.000000,0.000000,False,True,True,False,False,False
168366,952666.000000,1,1,1,0,0.000000,15.000000,0,0.000000,0.000000,0.000000,False,True,False,False,False,False
168377,968368.000000,2,2,2,0,0.000000,19.000000,0,0.000000,0.000000,0.000000,False,True,True,False,False,False
168412,953464.000000,18,67,65,2,0.029851,9.492308,365,2.000000,0.666667,20.277778,True,True,False,False,True,False
168412,952462.000000,6,10,10,0,0.000000,21.800000,2,0.000000,0.166667,0.333333,False,False,True,False,False,False
168412,952458.000000,15,0,0,0,,,1712,135.000000,1.000000,114.133333,True,False,False,False,False,False
168412,952460.000000,12,0,0,0,,,193,8.000000,1.000000,16.083333,True,False,False,False,False,False
168412,952466.000000,1,0,0,0,,,125,125.000000,1.000000,125.000000,True,False,False,False,False,False
168412,952468.000000,13,0,0,0,,,1082,86.000000,1.000000,83.230769,True,False,False,False,False,False
168412,953458.000000,4,0,0,0,,,61,9.000000,1.000000,15.250000,True,False,False,False,False,False
168412,953460.000000,4,0,0,0,,,8,1.500000,1.000000,2.000000,True,False,False,True,False,False
168412,953462.000000,10,0,0,0,,,692,64.500000,1.000000,69.200000,True,False,False,False,False,False
168416,948182.000000,24,123,123,0,0.000000,13.008130,427,14.500000,0.958333,17.791667,True,True,True,True,True,True
168459,968520.000000,1,10,10,0,0.000000,1.000000,0,0.000000,0.000000,0.000000,False,True,True,False,False,False
168464,950634.000000,7,7,7,0,0.000000,11.428571,0,0.000000,0.000000,0.000000,False,True,True,False,False,False
168466,952114.000000,8,1,1,0,0.000000,3.000000,690,99.000000,1.000000,86.250000,True,True,True,False,False,False
168466,952116.000000,5,0,0,0,,,354,54.000000,1.000000,70.800000,True,False,False,True,False,False
168473,956268.000000,4,7,7,0,0.000000,16.142857,22,7.000000,0.750000,5.500000,True,True,True,True,False,False
168481,956292.000000,2,3,3,0,0.000000,11.666667,2,1.000000,0.500000,1.000000,True,True,True,True,False,False
168481,956276.000000,2,8,8,0,0.000000,6.625000,10,5.000000,1.000000,5.000000,True,True,False,False,False,False
168481,959596.000000,1,0,0,0,,,9,9.000000,1.000000,9.000000,True,False,False,False,False,False
168500,952196.000000,3,2,2,0,0.000000,12.000000,2,0.000000,0.333333,0.666667,True,True,True,True,False,False
168522,951614.000000,2,5,5,0,0.000000,16.800000,0,0.000000,0.000000,0.000000,False,True,True,False,False,False
168562,960698.000000,3,6,6,0,0.000000,16.833333,0,0.000000,0.000000,0.000000,False,True,True,False,False,False
168575,953952.000000,3,9,9,0,0.000000,13.777778,0,0.000000,0.000000,0.000000,False,True,True,False,False,False
168575,953940.000000,1,1,1,0,0.000000,9.000000,0,0.000000,0.000000,0.000000,False,True,False,False,False,False
168579,973286.000000,1,2,2,0,0.000000,44.000000,0,0.000000,0.000000,0.000000,False,True,True,False,False,False
168579,954810.000000,11,37,37,0,0.000000,9.081081,0,0.000000,0.000000,0.000000,False,True,False,False,True,False
168583,952126.000000,4,6,6,0,0.000000,14.833333,0,0.000000,0.000000,0.000000,False,True,True,False,False,False
168583,962062.000000,8,22,22,0,0.000000,13.636364,0,0.000000,0.000000,0.000000,False,True,False,False,True,False
168598,958394.000000,10,23,23,0,0.000000,7.434783,0,0.000000,0.000000,0.000000,False,True,True,False,True,True
168601,952916.000000,4,1,1,0,0.000000,25.000000,7,1.500000,1.000000,1.750000,True,True,True,True,False,False
168601,952914.000000,19,98,98,0,0.000000,7.438776,606,33.000000,1.000000,31.894737,True,True,False,False,True,False
168603,959118.000000,4,0,0,0,,,17,3.500000,1.000000,4.250000,True,False,False,True,False,False
168606,957922.000000,5,3,2,1,0.333333,9.500000,8,0.000000,0.400000,1.600000,True,True,True,True,False,False
