user_id;operator_id;active_days;in_assigned_total;in_ans_calls;in_miss_post_calls;missed_rate_post;avg_wait_in_ans;out_ext_calls;out_median_daily;out_share_days;out_avg_daily;expected_outbound;flag_miss_high;flag_wait_high;flag_out_low;enough_volume;ineffective
166377;880022,0;12;7;7;0;0,0;13,428571428571429;36;0,5;0,5;3,0;True;True;True;True;False;False
166377;880026,0;19;5;5;0;0,0;8,4;680;38,0;1,0;35,78947368421053;True;True;False;False;False;False
166377;880028,0;19;29;29;0;0,0;5,931034482758621;660;29,0;1,0;34,73684210526316;True;True;False;False;True;False
166377;881278,0;2;0;0;0;;;5;2,5;1,0;2,5;True;False;False;False;False;False
166391;882476,0;1;1;1;0;0,0;64,0;0;0,0;0,0;0,0;False;True;True;False;False;False
166392;891900,0;6;8;8;0;0,0;42,0;0;0,0;0,0;0,0;False;True;True;False;False;False
166392;891906,0;12;45;45;0;0,0;26,4;0;0,0;0,0;0,0;False;True;False;False;True;False
166405;939478,0;16;22;21;1;0,045454545454545456;28,80952380952381;90;3,5;1,0;5,625;True;True;True;True;True;True
166405;939476,0;14;54;53;1;0,018518518518518517;9,264150943396226;870;42,0;1,0;62,142857142857146;True;True;False;False;True;False
166405;882686,0;21;193;191;2;0,010362694300518135;7,481675392670157;1450;67,0;1,0;69,04761904761905;True;False;False;False;True;False
166405;939474,0;19;213;213;0;0,0;14,76056338028169;577;28,0;0,9473684210526315;30,36842105263158;True;False;True;False;True;False
166405;882690,0;4;17;17;0;0,0;14,529411764705882;47;2,5;0,75;11,75;True;False;False;True;False;False
166405;902510,0;18;2;2;0;0,0;12,0;894;52,0;1,0;49,666666666666664;True;False;False;False;False;False
166405;939470,0;10;16;16;0;0,0;11,625;715;49,5;0,9;71,5;True;False;False;False;False;False
166405;902532,0;19;183;183;0;0,0;9,890710382513662;410;15,0;1,0;21,57894736842105;True;False;False;False;True;False
166406;879898,0;17;26;26;0;0,0;8,538461538461538;1120;54,0;0,9411764705882353;65,88235294117646;True;True;True;False;True;True
166406;879896,0;3;0;0;0;;;10;3,0;1,0;3,3333333333333335;True;False;False;True;False;False
166407;907440,0;17;3;3;0;0,0;26,666666666666668;18;0,0;0,47058823529411764;1,0588235294117647;True;True;True;True;False;False
166407;888534,0;18;14;14;0;0,0;23,5;41;1,5;0,7777777777777778;2,2777777777777777;True;True;False;False;False;False
166407;888536,0;7;1;1;0;0,0;18,0;1;0,0;0,14285714285714285;0,14285714285714285;False;True;False;False;False;False
166407;888532,0;17;0;0;0;;;1;0,0;0,058823529411764705;0,058823529411764705;False;False;False;False;False;False
166407;888538,0;2;0;0;0;;;0;0,0;0,0;0,0;False;False;False;False;False;False
166407;888540,0;1;0;0;0;;;0;0,0;0,0;0,0;False;False;False;False;False;False
166407;907442,0;14;0;0;0;;;21;0,0;0,35714285714285715;1,5;True;False;False;True;False;False
166407;960950,0;7;0;0;0;;;0;0,0;0,0;0,0;False;False;False;False;False;False
166428;882680,0;10;42;42;0;0,0;11,452380952380953;0;0,0;0,0;0,0;False;True;True;False;True;True
166482;934074,0;11;19;18;1;0,05263157894736842;13,444444444444445;0;0,0;0,0;0,0;False;True;False;False;False;False
166482;934076,0;1;1;1;0;0,0;14,0;0;0,0;0,0;0,0;False;False;True;False;False;False
166485;887278,0;15;27;27;0;0,0;15,962962962962964;11;0,0;0,4;0,7333333333333333;True;True;False;True;True;True
166485;907174,0;17;6;6;0;0,0;85,0;988;53,0;1,0;58,11764705882353;True;True;True;False;False;False
166485;887282,0;18;9;9;0;0,0;43,55555555555556;1412;85,0;1,0;78,44444444444444;True;True;False;False;False;False
166485;887276,0;19;133;133;0;0,0;30,63157894736842;189;7,0;1,0;9,947368421052632;True;True;False;False;True;False
166485;906866,0;11;0;0;0;;;642;68,0;1,0;58,36363636363637;True;False;False;False;False;False
166487;959312,0;12;58;51;7;0,1206896551724138;8,235294117647058;107;8,0;0,8333333333333334;8,916666666666666;True;True;True;True;True;True
166495;883942,0;11;7;7;0;0,0;9,428571428571429;380;40,0;1,0;34,54545454545455;True;True;True;True;False;False
166503;884412,0;13;6;6;0;0,0;65,0;49;4,0;0,9230769230769231;3,769230769230769;True;True;True;False;False;False
166503;906680,0;26;125;125;0;0,0;38,368;47;0,5;0,5;1,8076923076923077;True;True;False;False;True;False
166503;925106,0;7;8;8;0;0,0;25,5;0;0,0;0,0;0,0;False;True;False;False;False;False
166511;891410,0;20;309;308;1;0,003236245954692557;12,535714285714286;811;38,5;1,0;40,55;True;True;True;False;True;True
166511;891416,0;19;45;45;0;0,0;12,155555555555555;212;7,0;1,0;11,157894736842104;True;False;False;True;True;False
166511;891414,0;22;210;210;0;0,0;10,228571428571428;823;37,0;1,0;37,40909090909091;True;False;False;False;True;False
166520;923254,0;2;1;1;0;0,0;45,0;1;0,5;0,5;0,5;True;True;True;True;False;False
166520;930510,0;2;1;1;0;0,0;29,0;1;0,5;0,5;0,5;True;True;False;True;False;False
166520;884946,0;5;0;0;0;;;147;33,0;1,0;29,4;True;False;False;False;False;False
166520;890232,0;1;0;0;0;;;1;1,0;1,0;1,0;True;False;False;False;False;False
166520;892028,0;10;0;0;0;;;472;50,0;1,0;47,2;True;False;False;False;False;False
166520;893674,0;14;0;0;0;;;696;39,0;1,0;49,714285714285715;True;False;False;False;False;False
166520;910902,0;5;0;0;0;;;11;2,0;1,0;2,2;True;False;False;False;False;False
166520;930524,0;8;0;0;0;;;28;3,0;1,0;3,5;True;False;False;False;False;False
166520;947480,0;1;0;0;0;;;0;0,0;0,0;0,0;False;False;False;False;False;False
166520;969600,0;2;0;0;0;;;29;14,5;1,0;14,5;True;False;False;False;False;False
166536;900194,0;12;15;12;3;0,2;21,833333333333332;4;0,0;0,3333333333333333;0,3333333333333333;True;True;True;True;False;False
166536;925826,0;19;91;90;1;0,01098901098901099;7,155555555555556;261;13,0;1,0;13,736842105263158;True;False;False;False;True;False
166536;925828,0;19;119;119;0;0,0;6,07563025210084;295;15,0;1,0;15,526315789473685;True;False;False;False;True;False
166541;908960,0;28;306;299;7;0,02287581699346405;21,123745819397993;67;2,0;0,7142857142857143;2,392857142857143;True;True;False;False;True;False
166541;908958,0;28;264;263;1;0,003787878787878788;25,581749049429657;29;0,0;0,35714285714285715;1,0357142857142858;True;False;True;True;True;False
166548;946468,0;1;1;1;0;0,0;25,0;0;0,0;0,0;0,0;False;True;True;False;False;False
166582;885876,0;20;5;5;0;0,0;6,6;732;28,0;1,0;36,6;True;True;True;True;False;False
166604;893402,0;28;211;208;3;0,014218009478672985;18,254807692307693;36;1,0;0,6071428571428571;1,2857142857142858;True;True;False;False;True;False
166604;893420,0;26;150;150;0;0,0;19,92;10;0,0;0,15384615384615385;0,38461538461538464;False;False;True;False;True;False
166619;897872,0;5;0;0;0;;;13;2,0;1,0;2,6;True;False;False;True;False;False
166636;890582,0;18;32;31;1;0,03125;19,677419354838708;35;1,0;0,6111111111111112;1,9444444444444444;True;True;True;True;True;True
166649;887416,0;4;7;7;0;0,0;21,0;0;0,0;0,0;0,0;False;True;True;False;False;False
166658;890406,0;19;102;101;1;0,00980392156862745;7,811881188118812;371;19,0;1,0;19,526315789473685;True;True;False;False;True;False
166658;890404,0;20;147;146;1;0,006802721088435374;8,698630136986301;395;19,0;1,0;19,75;True;False;False;False;True;False
166658;955436,0;1;1;1;0;0,0;23,0;0;0,0;0,0;0,0;False;False;True;False;False;False
166658;890402,0;21;187;187;0;0,0;8,67379679144385;365;16,0;0,9523809523809523;17,38095238095238;True;False;False;False;True;False
166658;890410,0;17;16;16;0;0,0;6,75;354;18,0;1,0;20,823529411764707;True;False;False;False;False;False
166658;890412,0;17;0;0;0;;;334;14,0;1,0;19,647058823529413;True;False;False;False;False;False
166658;890416,0;21;0;0;0;;;411;18,0;1,0;19,571428571428573;True;False;False;False;False;False
166658;891152,0;9;0;0;0;;;82;4,0;1,0;9,11111111111111;True;False;False;False;False;False
166658;891154,0;18;0;0;0;;;107;6,0;1,0;5,944444444444445;True;False;False;False;False;False
166658;891156,0;5;0;0;0;;;15;3,0;1,0;3,0;True;False;False;True;False;False
166658;891158,0;14;0;0;0;;;77;2,5;1,0;5,5;True;False;False;True;False;False
166658;891160,0;14;0;0;0;;;267;10,5;1,0;19,071428571428573;True;False;False;False;False;False
166658;891162,0;10;0;0;0;;;60;3,0;1,0;6,0;True;False;False;True;False;False
166658;891166,0;15;0;0;0;;;76;3,0;1,0;5,066666666666666;True;False;False;True;False;False
166658;891170,0;14;0;0;0;;;183;11,0;1,0;13,071428571428571;True;False;False;False;False;False
166660;932460,0;5;7;7;0;0,0;12,142857142857142;0;0,0;0,0;0,0;False;True;True;False;False;False
166660;887802,0;7;0;0;0;;;27;2,0;1,0;3,857142857142857;True;False;False;False;False;False
166669;888406,0;1;0;0;0;;;1;1,0;1,0;1,0;True;False;False;True;False;False
166677;890618,0;7;8;8;0;0,0;1,0;0;0,0;0,0;0,0;False;True;True;False;False;False
166678;900894,0;18;43;42;1;0,023255813953488372;15,738095238095237;47;1,0;0,8333333333333334;2,611111111111111;True;True;True;False;True;True
166678;934608,0;7;10;10;0;0,0;13,5;0;0,0;0,0;0,0;False;False;False;False;False;False
166678;900892,0;24;139;139;0;0,0;8,179856115107913;318;10,5;1,0;13,25;True;False;False;False;True;False
166680;960296,0;5;2;2;0;0,0;63,0;201;56,0;1,0;40,2;True;True;True;False;False;False
166680;960294,0;7;1;1;0;0,0;36,0;296;50,0;1,0;42,285714285714285;True;True;True;False;False;False
166680;972412,0;2;1;1;0;0,0;25,0;60;30,0;1,0;30,0;True;True;False;False;False;False
166680;932500,0;15;3;3;0;0,0;20,333333333333332;792;56,0;1,0;52,8;True;True;False;False;False;False
166680;941628,0;5;1;1;0;0,0;19,0;147;28,0;1,0;29,4;True;True;False;False;False;False
166680;917234,0;15;3;3;0;0,0;12,0;748;51,0;1,0;49,86666666666667;True;True;False;False;False;False
166680;932498,0;6;1;1;0;0,0;11,0;315;56,0;1,0;52,5;True;True;False;False;False;False
166680;932502,0;7;2;2;0;0,0;10,5;324;50,0;1,0;46,285714285714285;True;True;False;False;False;False
166680;915614,0;2;0;0;0;;;16;8,0;1,0;8,0;True;False;False;True;False;False
166680;950444,0;15;0;0;0;;;65;4,0;1,0;4,333333333333333;True;False;False;True;False;False
166680;954642,0;8;0;0;0;;;417;52,0;1,0;52,125;True;False;False;False;False;False
166680;972408,0;1;0;0;0;;;8;8,0;1,0;8,0;True;False;False;True;False;False
166680;972410,0;2;0;0;0;;;77;38,5;1,0;38,5;True;False;False;False;False;False
166688;890228,0;13;3;2;1;0,3333333333333333;14,0;67;2,0;1,0;5,153846153846154;True;True;False;False;False;False
166688;890226,0;1;1;1;0;0,0;37,0;0;0,0;0,0;0,0;False;False;True;False;False;False
166688;965328,0;6;0;0;0;;;27;3,5;0,8333333333333334;4,5;True;False;False;False;False;False
166691;901734,0;7;15;15;0;0,0;14,066666666666666;0;0,0;0,0;0,0;False;True;True;False;False;False
166691;889410,0;24;88;88;0;0,0;5,863636363636363;336;12,5;1,0;14,0;True;True;False;False;True;False
166692;898892,0;2;2;2;0;0,0;17,0;0;0,0;0,0;0,0;False;True;True;False;False;False
166697;891646,0;2;2;2;0;0,0;11,0;0;0,0;0,0;0,0;False;True;True;False;False;False
166708;899082,0;24;256;256;0;0,0;22,3125;724;29,0;1,0;30,166666666666668;True;True;True;True;True;True
166711;891254,0;1;2;2;0;0,0;26,0;0;0,0;0,0;0,0;False;True;True;False;False;False
166713;891918,0;1;1;1;0;0,0;26,0;0;0,0;0,0;0,0;False;True;True;False;False;False
166713;891908,0;12;16;16;0;0,0;8,9375;5;0,0;0,08333333333333333;0,4166666666666667;False;True;False;False;False;False
166717;891988,0;16;119;119;0;0,0;7,949579831932773;93;5,0;0,9375;5,8125;True;True;True;True;True;True
166725;889754,0;20;181;180;1;0,0055248618784530384;7,5;575;17,0;1,0;28,75;True;True;True;True;True;True
166732;894230,0;6;6;5;1;0,16666666666666666;18,2;1;0,0;0,16666666666666666;0,16666666666666666;False;True;True;False;False;False
166732;894224,0;6;12;11;1;0,08333333333333333;6,909090909090909;0;0,0;0,0;0,0;False;False;False;False;False;False
166774;891824,0;5;2;2;0;0,0;19,0;6;1,0;0,6;1,2;True;True;True;True;False;False
166782;893804,0;28;949;946;3;0,003161222339304531;5,206131078224101;1226;35,0;1,0;43,785714285714285;True;True;False;False;True;False
166782;919994,0;6;9;9;0;0,0;36,666666666666664;0;0,0;0,0;0,0;False;False;True;False;False;False
166782;899250,0;28;78;78;0;0,0;16,705128205128204;327;7,0;0,8571428571428571;11,678571428571429;True;False;False;False;True;False
166782;900180,0;15;0;0;0;;;731;34,0;1,0;48,733333333333334;True;False;False;False;False;False
166800;892530,0;5;8;8;0;0,0;32,625;6;1,0;0,6;1,2;True;True;True;True;False;False
166800;892532,0;12;22;22;0;0,0;29,272727272727273;35;2,0;0,9166666666666666;2,9166666666666665;True;True;False;False;True;False
166800;892536,0;4;0;0;0;;;11;1,0;1,0;2,75;True;False;False;True;False;False
166803;891946,0;1;0;0;0;;;0;0,0;0,0;0,0;False;False;False;False;False;False
166812;900594,0;15;9;9;0;0,0;9,333333333333334;91;5,0;1,0;6,066666666666666;True;True;True;True;False;False
166813;954616,0;6;7;7;0;0,0;6,571428571428571;0;0,0;0,0;0,0;False;True;True;False;False;False
166813;900614,0;2;2;2;0;0,0;4,5;2;1,0;0,5;1,0;True;True;False;False;False;False
166813;954318,0;2;1;1;0;0,0;4,0;1;0,5;0,5;0,5;True;True;False;False;False;False
166813;955820,0;5;0;0;0;;;9;1,0;1,0;1,8;True;False;False;False;False;False
166833;903254,0;27;113;113;0;0,0;17,469026548672566;594;17,0;1,0;22,0;True;True;True;True;True;True
166836;901350,0;19;80;80;0;0,0;22,3625;0;0,0;0,0;0,0;False;True;True;False;True;True
166837;910044,0;1;1;1;0;0,0;15,0;0;0,0;0,0;0,0;False;True;True;False;False;False
166837;930242,0;1;1;1;0;0,0;15,0;0;0,0;0,0;0,0;False;True;True;False;False;False
166839;902720,0;7;0;0;0;;;41;1,0;1,0;5,857142857142857;True;False;False;True;False;False
166843;926312,0;9;3;3;0;0,0;15,333333333333334;17;2,0;0,7777777777777778;1,8888888888888888;True;True;True;True;False;False
166879;896538,0;3;5;5;0;0,0;57,2;0;0,0;0,0;0,0;False;True;True;False;False;False
166879;927070,0;10;19;19;0;0,0;45,05263157894737;0;0,0;0,0;0,0;False;True;False;False;False;False
166879;896536,0;26;91;91;0;0,0;21,923076923076923;0;0,0;0,0;0,0;False;True;False;False;True;False
166896;895576,0;13;29;28;1;0,034482758620689655;20,25;0;0,0;0,0;0,0;False;True;True;False;True;True
166896;895574,0;16;34;34;0;0,0;14,058823529411764;0;0,0;0,0;0,0;False;False;False;False;True;False
166896;895578,0;9;13;13;0;0,0;12,923076923076923;0;0,0;0,0;0,0;False;False;False;False;False;False
166899;894656,0;19;6;6;0;0,0;17,5;826;42,0;1,0;43,473684210526315;True;True;True;False;False;False
166899;894662,0;7;1;1;0;0,0;9,0;37;3,0;1,0;5,285714285714286;True;True;False;True;False;False
166901;896012,0;18;71;70;1;0,014084507042253521;7,085714285714285;0;0,0;0,0;0,0;False;True;False;False;True;False
166901;896018,0;2;2;2;0;0,0;45,5;0;0,0;0,0;0,0;False;False;True;False;False;False
166901;896010,0;3;4;4;0;0,0;23,5;1;0,0;0,3333333333333333;0,3333333333333333;True;False;False;True;False;False
166901;896014,0;4;3;3;0;0,0;10,666666666666666;2;0,0;0,25;0,5;False;False;False;False;False;False
166901;896016,0;19;42;42;0;0,0;7,404761904761905;99;1,0;0,7368421052631579;5,2105263157894735;True;False;False;False;True;False
166901;896008,0;18;0;0;0;;;0;0,0;0,0;0,0;False;False;False;False;False;False
166916;906410,0;13;98;95;3;0,030612244897959183;27,989473684210527;6;0,0;0,3076923076923077;0,46153846153846156;True;True;False;True;True;True
166916;906400,0;18;50;49;1;0,02;29,020408163265305;73;3,0;0,7777777777777778;4,055555555555555;True;True;False;False;True;False
166916;906396,0;19;65;64;1;0,015384615384615385;28,203125;65;3,0;0,8421052631578947;3,4210526315789473;True;True;False;False;True;False
166916;906404,0;17;256;253;3;0,01171875;25,90513833992095;269;16,0;0,9411764705882353;15,823529411764707;True;False;False;False;True;False
166916;906406,0;18;381;379;2;0,005249343832020997;26,654353562005277;350;20,5;1,0;19,444444444444443;True;False;False;False;True;False
166916;906402,0;4;2;2;0;0,0;53,5;4;0,0;0,25;1,0;False;False;True;False;False;False
166916;906394,0;21;23;23;0;0,0;31,695652173913043;53;2,0;0,6666666666666666;2,5238095238095237;True;False;True;False;True;False
166916;906398,0;14;15;15;0;0,0;29,066666666666666;4;0,0;0,07142857142857142;0,2857142857142857;False;False;True;False;False;False
166916;906408,0;2;7;7;0;0,0;23,714285714285715;0;0,0;0,0;0,0;False;False;False;False;False;False
166916;906416,0;18;6;6;0;0,0;16,333333333333332;14;0,0;0,3333333333333333;0,7777777777777778;True;False;False;True;False;False
166916;906418,0;4;5;5;0;0,0;14,6;1;0,0;0,25;0,25;False;False;False;False;False;False
166916;906412,0;20;16;16;0;0,0;13,4375;58;3,0;0,85;2,9;True;False;False;False;False;False
166916;906420,0;9;5;5;0;0,0;11,0;4;0,0;0,1111111111111111;0,4444444444444444;False;False;False;False;False;False
166916;906392,0;4;0;0;0;;;0;0,0;0,0;0,0;False;False;False;False;False;False
166939;954750,0;17;223;222;1;0,004484304932735426;21,86036036036036;47;0,0;0,35294117647058826;2,764705882352941;True;True;False;True;True;True
166939;951332,0;7;9;9;0;0,0;31,0;0;0,0;0,0;0,0;False;False;True;False;False;False
166939;955068,0;1;0;0;0;;;0;0,0;0,0;0,0;False;False;False;False;False;False
166939;955082,0;7;0;0;0;;;0;0,0;0,0;0,0;False;False;False;False;False;False
166939;955086,0;1;0;0;0;;;0;0,0;0,0;0,0;False;False;False;False;False;False
166939;955090,0;10;0;0;0;;;0;0,0;0,0;0,0;False;False;False;False;False;False
166939;955094,0;1;0;0;0;;;1;1,0;1,0;1,0;True;False;False;False;False;False
166940;897030,0;3;2;2;0;0,0;14,0;60;19,0;0,6666666666666666;20,0;True;True;True;True;False;False
166940;972460,0;2;2;2;0;0,0;4,0;65;32,5;1,0;32,5;True;True;False;False;False;False
166971;914630,0;7;4;4;0;0,0;13,25;22;2,0;0,5714285714285714;3,142857142857143;True;True;True;False;False;False
166971;914626,0;1;0;0;0;;;1;1,0;1,0;1,0;True;False;False;True;False;False
166973;901586,0;10;10;10;0;0,0;6,7;18;0,0;0,4;1,8;True;True;True;True;False;False
166973;901588,0;14;19;19;0;0,0;5,473684210526316;12;0,0;0,35714285714285715;0,8571428571428571;True;True;False;True;False;False
166973;901584,0;19;68;68;0;0,0;5,3088235294117645;60;2,0;0,9473684210526315;3,1578947368421053;True;True;False;False;True;False
166974;900352,0;20;60;60;0;0,0;19,45;166;5,5;0,9;8,3;True;True;True;True;True;True
166974;900354,0;20;40;40;0;0,0;17,125;192;8,0;0,95;9,6;True;True;False;False;True;False
166975;899268,0;7;10;9;1;0,1;23,0;0;0,0;0,0;0,0;False;True;False;False;False;False
166975;899898,0;1;1;1;0;0,0;27,0;0;0,0;0,0;0,0;False;False;True;False;False;False
166975;899912,0;1;1;1;0;0,0;19,0;0;0,0;0,0;0,0;False;False;False;False;False;False
166983;901880,0;28;652;649;3;0,004601226993865031;5,143297380585516;829;28,0;1,0;29,607142857142858;True;True;False;False;True;False
166983;909134,0;21;67;67;0;0,0;38,3134328358209;0;0,0;0,0;0,0;False;False;True;False;True;False
166983;901886,0;21;68;68;0;0,0;18,426470588235293;729;39,0;1,0;34,714285714285715;True;False;False;False;True;False
166983;901884,0;28;211;211;0;0,0;12,14691943127962;646;22,5;1,0;23,071428571428573;True;False;False;False;True;False
166985;904284,0;14;28;28;0;0,0;15,678571428571429;0;0,0;0,0;0,0;False;True;True;False;True;True
166997;903318,0;12;6;6;0;0,0;25,0;54;3,5;0,9166666666666666;4,5;True;True;True;False;False;False
166997;903312,0;8;13;13;0;0,0;12,23076923076923;2;0,0;0,125;0,25;False;True;False;False;False;False
166997;905432,0;2;4;4;0;0,0;5,0;139;69,5;1,0;69,5;True;True;False;False;False;False
166997;909502,0;1;0;0;0;;;41;41,0;1,0;41,0;True;False;False;False;False;False
167002;900492,0;14;3;3;0;0,0;15,333333333333334;42;2,5;1,0;3,0;True;True;True;True;False;False
167003;901492,0;8;7;7;0;0,0;27,0;1;0,0;0,125;0,125;False;True;True;False;False;False
167004;900826,0;26;57;57;0;0,0;11,298245614035087;240;7,5;0,9615384615384616;9,23076923076923;True;True;True;True;True;True
167016;916424,0;23;311;310;1;0,003215434083601286;10,07741935483871;84;3,0;0,782608695652174;3,652173913043478;True;True;True;False;True;True
167016;962658,0;14;376;376;0;0,0;8,071808510638299;322;15,5;1,0;23,0;True;False;False;False;True;False
167016;962902,0;12;244;244;0;0,0;7,098360655737705;413;30,0;1,0;34,416666666666664;True;False;False;False;True;False
167016;962904,0;1;0;0;0;;;2;2,0;1,0;2,0;True;False;False;True;False;False
167031;910516,0;3;3;3;0;0,0;13,333333333333334;0;0,0;0,0;0,0;False;True;True;False;False;False
167031;910520,0;10;0;0;0;;;29;2,5;1,0;2,9;True;False;False;False;False;False
167031;910532,0;1;0;0;0;;;1;1,0;1,0;1,0;True;False;False;False;False;False
167035;923528,0;28;63;61;2;0,031746031746031744;25,557377049180328;501;13,5;0,8928571428571429;17,892857142857142;True;True;True;True;True;True
167035;923526,0;28;604;602;2;0,0033112582781456954;7,2724252491694354;839;29,0;1,0;29,964285714285715;True;False;False;False;True;False
167052;904044,0;12;34;34;0;0,0;21,970588235294116;8;0,5;0,5;0,6666666666666666;True;True;True;True;True;True
167052;904038,0;28;192;192;0;0,0;8,5;100;4,0;0,7857142857142857;3,5714285714285716;True;True;False;False;True;False
167059;911102,0;11;26;25;1;0,038461538461538464;29,64;0;0,0;0,0;0,0;False;True;False;False;True;False
167059;911140,0;16;39;38;1;0,02564102564102564;26,44736842105263;0;0,0;0,0;0,0;False;False;False;False;True;False
167059;911142,0;6;12;12;0;0,0;50,25;0;0,0;0,0;0,0;False;False;True;False;False;False
167059;911138,0;19;120;120;0;0,0;21,241666666666667;0;0,0;0,0;0,0;False;False;False;False;True;False
167059;911136,0;18;126;126;0;0,0;19,865079365079364;0;0,0;0,0;0,0;False;False;False;False;True;False
167060;930908,0;13;21;21;0;0,0;5,714285714285714;25;1,0;0,6923076923076923;1,9230769230769231;True;True;True;True;True;True
167060;930910,0;6;1;1;0;0,0;5,0;9;1,0;1,0;1,5;True;True;False;True;False;False
167060;930912,0;9;0;0;0;;;242;32,0;1,0;26,88888888888889;True;False;False;False;False;False
167060;930914,0;18;0;0;0;;;209;9,0;1,0;11,61111111111111;True;False;False;False;False;False
167061;901038,0;7;4;4;0;0,0;23,75;18;2,0;1,0;2,5714285714285716;True;True;True;False;False;False
167061;901034,0;8;8;8;0;0,0;14,0;5;0,0;0,375;0,625;True;True;False;True;False;False
167071;913942,0;22;808;780;28;0,034653465346534656;13,156410256410256;172;0,0;0,22727272727272727;7,818181818181818;True;True;True;True;True;True
167071;913938,0;27;2370;2361;9;0,0037974683544303796;7,596357475645913;264;9,0;0,7037037037037037;9,777777777777779;True;False;False;False;True;False
167078;935348,0;20;176;175;1;0,005681818181818182;7,531428571428571;125;4,5;1,0;6,25;True;True;False;False;True;False
167078;956484,0;9;15;15;0;0,0;20,866666666666667;0;0,0;0,0;0,0;False;False;True;False;False;False
167078;956480,0;17;90;90;0;0,0;14,355555555555556;0;0,0;0,0;0,0;False;False;False;False;True;False
167078;900592,0;23;249;249;0;0,0;6,48995983935743;110;3,0;1,0;4,782608695652174;True;False;False;False;True;False
167078;963716,0;1;0;0;0;;;1;1,0;1,0;1,0;True;False;False;False;False;False
167079;904058,0;9;11;11;0;0,0;17,181818181818183;0;0,0;0,0;0,0;False;True;True;False;False;False
167082;920982,0;10;25;25;0;0,0;25,56;0;0,0;0,0;0,0;False;True;True;False;True;True
167082;900788,0;14;33;33;0;0,0;7,454545454545454;2;0,0;0,14285714285714285;0,14285714285714285;False;True;False;False;True;False
167102;902910,0;1;2;2;0;0,0;29,0;0;0,0;0,0;0,0;False;True;True;False;False;False
167102;902906,0;16;20;20;0;0,0;16,9;0;0,0;0,0;0,0;False;True;False;False;True;False
167109;907224,0;19;14;14;0;0,0;30,714285714285715;79;3,0;0,9473684210526315;4,157894736842105;True;True;True;False;False;False
167109;907182,0;17;29;29;0;0,0;11,413793103448276;0;0,0;0,0;0,0;False;True;False;False;True;False
167109;906294,0;17;80;80;0;0,0;4,6125;34;1,0;0,8235294117647058;2,0;True;True;False;False;True;False
167109;906296,0;19;0;0;0;;;24;0,0;0,3157894736842105;1,263157894736842;True;False;False;True;False;False
167109;907178,0;9;0;0;0;;;19;1,0;0,5555555555555556;2,111111111111111;True;False;False;False;False;False
167109;907180,0;4;0;0;0;;;3;1,0;0,75;0,75;True;False;False;False;False;False
167109;909910,0;18;0;0;0;;;70;3,0;0,7777777777777778;3,888888888888889;True;False;False;False;False;False
167112;951650,0;3;2;2;0;0,0;45,0;10;1,0;0,6666666666666666;3,3333333333333335;True;True;True;True;False;False
167112;904016,0;5;4;4;0;0,0;11,5;225;22,0;1,0;45,0;True;True;False;False;False;False
167112;904014,0;2;0;0;0;;;77;38,5;1,0;38,5;True;False;False;False;False;False
167112;951648,0;1;0;0;0;;;94;94,0;1,0;94,0;True;False;False;False;False;False
167139;950640,0;1;1;1;0;0,0;9,0;0;0,0;0,0;0,0;False;True;True;False;False;False
167150;905566,0;19;7;5;2;0,2857142857142857;27,4;127;6,0;1,0;6,684210526315789;True;True;True;False;False;False
167150;905564,0;19;23;22;1;0,043478260869565216;25,181818181818183;176;9,0;0,9473684210526315;9,263157894736842;True;True;False;False;True;False
167150;905542,0;19;54;53;1;0,018518518518518517;23,60377358490566;775;38,0;1,0;40,78947368421053;True;False;False;False;True;False
167150;905538,0;19;116;115;1;0,008620689655172414;23,08695652173913;1253;55,0;1,0;65,94736842105263;True;False;False;False;True;False
167150;928092,0;1;1;1;0;0,0;62,0;0;0,0;0,0;0,0;False;False;True;False;False;False
167150;905574,0;12;1;1;0;0,0;14,0;22;1,0;0,5833333333333334;1,8333333333333333;True;False;False;False;False;False
167150;905570,0;10;0;0;0;;;2;0,0;0,2;0,2;False;False;False;False;False;False
167158;907502,0;10;47;47;0;0,0;20,382978723404257;0;0,0;0,0;0,0;False;True;True;False;True;True
167162;905300,0;1;1;1;0;0,0;27,0;0;0,0;0,0;0,0;False;True;True;False;False;False
167172;904204,0;11;3;3;0;0,0;46,0;24;2,0;0,9090909090909091;2,1818181818181817;True;True;True;True;False;False
167172;926490,0;15;7;7;0;0,0;17,857142857142858;100;5,0;0,8666666666666667;6,666666666666667;True;True;False;False;False;False
167172;929228,0;12;0;0;0;;;43;2,5;1,0;3,5833333333333335;True;False;False;False;False;False
167175;905842,0;22;2;2;0;0,0;115,5;475;14,0;0,9545454545454546;21,59090909090909;True;True;True;True;False;False
167175;905844,0;17;8;8;0;0,0;12,125;371;18,0;1,0;21,823529411764707;True;True;False;False;False;False
167176;907982,0;19;25;24;1;0,04;20,166666666666668;6;0,0;0,2631578947368421;0,3157894736842105;False;True;False;False;True;False
167176;905104,0;19;95;94;1;0,010526315789473684;17,882978723404257;63;2,0;0,8947368421052632;3,3157894736842106;True;True;False;False;True;False
167176;907504,0;5;1;1;0;0,0;24,0;1;0,0;0,2;0,2;False;False;True;False;False;False
167176;907994,0;14;12;12;0;0,0;21,083333333333332;0;0,0;0,0;0,0;False;False;True;False;False;False
167176;907952,0;19;21;21;0;0,0;19,571428571428573;0;0,0;0,0;0,0;False;False;False;False;True;False
167176;907970,0;16;4;4;0;0,0;18,25;0;0,0;0,0;0,0;False;False;False;False;False;False
167176;907964,0;12;3;3;0;0,0;16,0;1;0,0;0,08333333333333333;0,08333333333333333;False;False;False;False;False;False
167176;907986,0;18;0;0;0;;;0;0,0;0,0;0,0;False;False;False;False;False;False
167180;905932,0;16;12;12;0;0,0;9,0;103;5,5;0,9375;6,4375;True;True;True;False;False;False
167180;905930,0;19;20;20;0;0,0;4,9;171;7,0;0,9473684210526315;9,0;True;True;False;False;True;False
167180;905934,0;4;0;0;0;;;2;0,5;0,5;0,5;True;False;False;True;False;False
167183;932292,0;6;2;2;0;0,0;8,5;21;3,0;1,0;3,5;True;True;True;False;False;False
167183;932304,0;1;0;0;0;;;2;2,0;1,0;2,0;True;False;False;True;False;False
167185;912296,0;19;89;87;2;0,02247191011235955;11,885057471264368;214;10,0;0,8947368421052632;11,263157894736842;True;True;False;False;True;False
167185;917680,0;2;1;1;0;0,0;26,0;5;2,5;0,5;2,5;True;False;True;True;False;False
167188;962168,0;4;4;4;0;0,0;17,25;0;0,0;0,0;0,0;False;True;True;False;False;False
167188;914238,0;7;0;0;0;;;95;5,0;1,0;13,571428571428571;True;False;False;False;False;False
167188;914338,0;1;0;0;0;;;0;0,0;0,0;0,0;False;False;False;False;False;False
167188;957022,0;3;0;0;0;;;9;1,0;1,0;3,0;True;False;False;False;False;False
167188;964716,0;8;0;0;0;;;320;49,5;0,875;40,0;True;False;False;False;False;False
167199;911310,0;19;109;108;1;0,009174311926605505;15,537037037037036;36;0,0;0,3157894736842105;1,894736842105263;True;True;True;True;True;True
167200;905862,0;12;22;22;0;0,0;12,181818181818182;1;0,0;0,08333333333333333;0,08333333333333333;False;True;True;False;True;True
167235;913788,0;28;438;436;2;0,0045662100456621;15,68348623853211;567;19,0;0,8571428571428571;20,25;True;True;True;True;True;True
167238;949420,0;4;5;5;0;0,0;0,8;1;0,0;0,25;0,25;False;True;True;False;False;False
167242;911214,0;1;1;1;0;0,0;19,0;0;0,0;0,0;0,0;False;True;True;False;False;False
167246;908078,0;15;18;18;0;0,0;23,166666666666668;31;0,0;0,4666666666666667;2,066666666666667;True;True;True;True;False;False
167246;908082,0;6;6;6;0;0,0;9,833333333333334;12;1,5;0,6666666666666666;2,0;True;True;False;False;False;False
167250;913984,0;1;0;0;0;;;1;1,0;1,0;1,0;True;False;False;False;False;False
167250;929542,0;2;0;0;0;;;0;0,0;0,0;0,0;False;False;False;False;False;False
167250;929544,0;8;0;0;0;;;66;4,0;1,0;8,25;True;False;False;False;False;False
167263;907974,0;1;1;1;0;0,0;12,0;0;0,0;0,0;0,0;False;True;True;False;False;False
167263;907972,0;3;2;2;0;0,0;5,0;6;2,0;0,6666666666666666;2,0;True;True;False;False;False;False
167264;919554,0;28;591;584;7;0,011844331641285956;31,98458904109589;9;0,0;0,14285714285714285;0,32142857142857145;False;True;False;False;True;False
167264;919552,0;28;582;581;1;0,001718213058419244;34,08777969018933;32;1,0;0,6071428571428571;1,1428571428571428;True;False;True;False;True;False
167272;912684,0;3;3;3;0;0,0;41,666666666666664;0;0,0;0,0;0,0;False;True;True;False;False;False
167272;910018,0;18;61;61;0;0,0;25,0;0;0,0;0,0;0,0;False;True;False;False;True;False
167275;967310,0;5;1;1;0;0,0;8,0;50;10,0;1,0;10,0;True;True;True;False;False;False
167275;946020,0;1;1;1;0;0,0;3,0;0;0,0;0,0;0,0;False;True;False;False;False;False
167277;910224,0;5;8;8;0;0,0;15,875;0;0,0;0,0;0,0;False;True;True;False;False;False
167286;909768,0;7;7;7;0;0,0;45,42857142857143;0;0,0;0,0;0,0;False;True;True;False;False;False
167286;910540,0;24;100;100;0;0,0;21,13;0;0,0;0,0;0,0;False;True;False;False;True;False
167338;912252,0;18;25;25;0;0,0;15,2;147;6,0;0,8333333333333334;8,166666666666666;True;True;True;True;True;True
167359;912722,0;19;90;90;0;0,0;5,266666666666667;88;4,0;0,8421052631578947;4,631578947368421;True;True;True;False;True;True
167359;915358,0;14;0;0;0;;;6;0,0;0,21428571428571427;0,42857142857142855;False;False;False;False;False;False
167359;915360,0;14;0;0;0;;;24;2,0;0,7142857142857143;1,7142857142857142;True;False;False;False;False;False
167359;918452,0;18;0;0;0;;;53;1,0;0,6111111111111112;2,9444444444444446;True;False;False;False;False;False
167359;920146,0;13;0;0;0;;;53;3,0;1,0;4,076923076923077;True;False;False;False;False;False
167359;921316,0;7;0;0;0;;;8;1,0;0,5714285714285714;1,1428571428571428;True;False;False;False;False;False
167359;924356,0;11;0;0;0;;;11;0,0;0,36363636363636365;1,0;True;False;False;True;False;False
167359;924370,0;2;0;0;0;;;1;0,5;0,5;0,5;True;False;False;False;False;False
167364;924572,0;1;0;0;0;;;1;1,0;1,0;1,0;True;False;False;True;False;False
167397;927142,0;4;3;3;0;0,0;4,0;3;1,0;0,75;0,75;True;True;True;True;False;False
167402;912010,0;20;47;47;0;0,0;17,19148936170213;0;0,0;0,0;0,0;False;True;True;False;True;True
167412;914440,0;4;6;6;0;0,0;20,166666666666668;0;0,0;0,0;0,0;False;True;True;False;False;False
167412;954290,0;7;12;12;0;0,0;19,333333333333332;0;0,0;0,0;0,0;False;True;False;False;False;False
167412;965942,0;1;4;4;0;0,0;12,75;0;0,0;0,0;0,0;False;True;False;False;False;False
167436;961552,0;2;3;3;0;0,0;34,666666666666664;4;2,0;1,0;2,0;True;True;True;False;False;False
167436;914256,0;3;6;6;0;0,0;13,333333333333334;0;0,0;0,0;0,0;False;True;False;False;False;False
167436;914272,0;1;0;0;0;;;1;1,0;1,0;1,0;True;False;False;False;False;False
167436;939886,0;16;0;0;0;;;237;10,5;1,0;14,8125;True;False;False;False;False;False
167445;920706,0;12;38;33;5;0,13157894736842105;28,424242424242426;102;3,0;0,8333333333333334;8,5;True;True;True;False;True;True
167445;920902,0;14;34;33;1;0,029411764705882353;56,515151515151516;2;0,0;0,14285714285714285;0,14285714285714285;False;True;True;False;True;True
167445;920726,0;24;57;55;2;0,03508771929824561;14,418181818181818;56;1,5;0,7916666666666666;2,3333333333333335;True;True;False;False;True;False
167445;920852,0;28;148;145;3;0,02027027027027027;11,23448275862069;246;6,5;0,9285714285714286;8,785714285714286;True;False;False;False;True;False
167445;920728,0;19;135;133;2;0,014814814814814815;18,458646616541355;62;2,0;0,6842105263157895;3,263157894736842;True;False;False;False;True;False
167445;935956,0;2;2;2;0;0,0;52,5;1;0,5;0,5;0,5;True;False;True;True;False;False
167445;920732,0;18;97;97;0;0,0;15,515463917525773;157;6,0;0,9444444444444444;8,722222222222221;True;False;False;False;True;False
167445;920720,0;17;42;42;0;0,0;13,285714285714286;70;4,0;0,9411764705882353;4,117647058823529;True;False;False;False;True;False
167445;943066,0;18;96;96;0;0,0;13,104166666666666;147;7,0;1,0;8,166666666666666;True;False;False;False;True;False
167445;920838,0;22;58;58;0;0,0;11,53448275862069;121;4,0;1,0;5,5;True;False;False;False;True;False
167445;921062,0;24;90;90;0;0,0;10,944444444444445;0;0,0;0,0;0,0;False;False;False;False;True;False
167451;951290,0;6;1;1;0;0,0;17,0;20;4,0;1,0;3,3333333333333335;True;True;True;False;False;False
167451;914172,0;1;10;10;0;0,0;12,6;0;0,0;0,0;0,0;False;True;False;False;False;False
167451;914168,0;4;1;1;0;0,0;11,0;10;2,0;1,0;2,5;True;True;False;False;False;False
167451;914170,0;3;12;12;0;0,0;10,666666666666666;3;0,0;0,3333333333333333;1,0;True;True;False;True;False;False
167455;918390,0;27;0;0;0;;;109;3,0;1,0;4,037037037037037;True;False;False;True;False;False
167456;921102,0;8;8;8;0;0,0;25,875;4;0,0;0,375;0,5;True;True;True;True;False;False
167456;921104,0;1;1;1;0;0,0;21,0;0;0,0;0,0;0,0;False;True;False;False;False;False
167466;921818,0;28;887;881;6;0,006764374295377677;12,484676503972759;992;39,5;1,0;35,42857142857143;True;True;True;False;True;True
167466;921814,0;2;0;0;0;;;11;5,5;1,0;5,5;True;False;False;True;False;False
167471;944646,0;22;279;278;1;0,0035842293906810036;10,20503597122302;358;14,0;0,9545454545454546;16,272727272727273;True;True;False;False;True;False
167471;944648,0;10;3;3;0;0,0;52,0;13;0,0;0,3;1,3;True;False;True;True;False;False
167471;944644,0;18;28;28;0;0,0;22,428571428571427;136;7,5;0,9444444444444444;7,555555555555555;True;False;False;False;True;False
167471;952656,0;13;4;4;0;0,0;7,5;28;1,0;0,6153846153846154;2,1538461538461537;True;False;False;False;False;False
167475;914842,0;3;3;3;0;0,0;17,666666666666668;0;0,0;0,0;0,0;False;True;True;False;False;False
167475;930660,0;5;4;4;0;0,0;6,5;11;2,0;1,0;2,2;True;True;False;False;False;False
167475;930662,0;3;0;0;0;;;4;1,0;1,0;1,3333333333333333;True;False;False;False;False;False
167479;915556,0;25;56;55;1;0,017857142857142856;6,381818181818182;1280;48,0;1,0;51,2;True;True;True;False;True;True
167479;915558,0;8;0;0;0;;;109;12,5;1,0;13,625;True;False;False;True;False;False
167487;940968,0;10;14;14;0;0,0;15,785714285714286;0;0,0;0,0;0,0;False;True;True;False;False;False
167487;914050,0;10;4;4;0;0,0;7,75;67;3,0;0,8;6,7;True;True;False;False;False;False
167487;914052,0;26;0;0;0;;;753;28,0;1,0;28,96153846153846;True;False;False;False;False;False
167497;924936,0;6;8;6;2;0,25;21,166666666666668;0;0,0;0,0;0,0;False;True;False;False;False;False
167497;924948,0;23;16;15;1;0,0625;19,133333333333333;182;5,0;0,9565217391304348;7,913043478260869;True;True;False;False;False;False
167497;924954,0;15;18;17;1;0,05555555555555555;32,588235294117645;51;3,0;0,8666666666666667;3,4;True;True;True;False;False;False
167497;924960,0;25;43;42;1;0,023255813953488372;21,69047619047619;86;3,0;0,88;3,44;True;True;False;False;True;False
167497;924934,0;19;5;5;0;0,0;38,4;341;15,0;1,0;17,94736842105263;True;False;True;False;False;False
167497;924928,0;13;23;23;0;0,0;37,391304347826086;2;0,0;0,15384615384615385;0,15384615384615385;False;False;True;False;True;False
167497;924946,0;8;2;2;0;0,0;23,5;4;0,0;0,375;0,5;True;False;True;True;False;False
167497;924940,0;20;7;7;0;0,0;21,857142857142858;128;4,5;0,85;6,4;True;False;False;False;False;False
167497;924950,0;23;23;23;0;0,0;21,26086956521739;58;2,0;0,7391304347826086;2,5217391304347827;True;False;False;False;True;False
167497;924952,0;19;15;15;0;0,0;21,2;20;0,0;0,42105263157894735;1,0526315789473684;True;False;False;True;False;False
167497;924930,0;19;11;11;0;0,0;16,272727272727273;114;5,0;0,8421052631578947;6,0;True;False;False;False;False;False
167497;950672,0;10;1;1;0;0,0;13,0;26;1,0;0,7;2,6;True;False;False;False;False;False
167497;924956,0;16;28;28;0;0,0;12,178571428571429;11;0,0;0,4375;0,6875;True;False;False;True;True;False
167497;932836,0;21;19;19;0;0,0;12,052631578947368;162;6,0;0,9047619047619048;7,714285714285714;True;False;False;False;False;False
167497;924958,0;23;22;22;0;0,0;9,954545454545455;76;2,0;0,8695652173913043;3,3043478260869565;True;False;False;False;True;False
167497;924932,0;9;1;1;0;0,0;8,0;5;0,0;0,3333333333333333;0,5555555555555556;True;False;False;True;False;False
167497;921116,0;15;0;0;0;;;27;1,0;0,7333333333333333;1,8;True;False;False;False;False;False
167506;919956,0;2;3;3;0;0,0;9,0;0;0,0;0,0;0,0;False;True;True;False;False;False
167521;944228,0;10;31;31;0;0,0;49,645161290322584;5;0,0;0,2;0,5;False;True;True;False;True;True
167521;944210,0;19;132;132;0;0,0;35,378787878787875;51;0,0;0,47368421052631576;2,6842105263157894;True;True;True;True;True;True
167521;919794,0;11;497;497;0;0,0;24,68209255533199;14;0,0;0,36363636363636365;1,2727272727272727;True;True;False;True;True;True
167521;919792,0;24;340;338;2;0,0058823529411764705;29,964497041420117;32;1,0;0,5833333333333334;1,3333333333333333;True;True;False;False;True;False
167521;944246,0;5;9;9;0;0,0;37,0;1;0,0;0,2;0,2;False;True;True;False;False;False
167521;919790,0;28;971;971;0;0,0;32,20391349124614;5;0,0;0,14285714285714285;0,17857142857142858;False;True;False;False;True;False
167521;946916,0;7;24;24;0;0,0;18,375;0;0,0;0,0;0,0;False;True;False;False;True;False
167521;944560,0;4;5;5;0;0,0;17,8;1;0,0;0,25;0,25;False;True;False;False;False;False
167521;962268,0;11;45;45;0;0,0;16,22222222222222;106;9,0;0,9090909090909091;9,636363636363637;True;True;False;False;True;False
167521;961770,0;15;82;82;0;0,0;10,853658536585366;0;0,0;0,0;0,0;False;True;False;False;True;False
167521;956664,0;1;1;1;0;0,0;9,0;0;0,0;0,0;0,0;False;True;False;False;False;False
167521;944808,0;24;243;243;0;0,0;2,251028806584362;0;0,0;0,0;0,0;False;True;False;False;True;False
167532;917852,0;19;210;210;0;0,0;20,442857142857143;488;25,0;1,0;25,68421052631579;True;True;True;False;True;True
167532;917850,0;18;76;76;0;0,0;17,223684210526315;43;0,5;0,5;2,388888888888889;True;True;False;True;True;True
167532;917846,0;3;0;0;0;;;4;1,0;1,0;1,3333333333333333;True;False;False;False;False;False
167532;917856,0;8;0;0;0;;;17;1,0;1,0;2,125;True;False;False;False;False;False
167533;917876,0;2;3;3;0;0,0;9,666666666666666;1;0,5;0,5;0,5;True;True;True;True;False;False
167534;929340,0;1;1;1;0;0,0;57,0;0;0,0;0,0;0,0;False;True;True;False;False;False
167534;929332,0;1;1;1;0;0,0;24,0;0;0,0;0,0;0,0;False;True;False;False;False;False
167543;928382,0;4;5;5;0;0,0;3,0;7;2,0;0,75;1,75;True;True;True;True;False;False
167545;964510,0;8;16;14;2;0,125;11,428571428571429;140;11,5;1,0;17,5;True;True;False;False;False;False
167545;916618,0;16;30;30;0;0,0;23,033333333333335;14;0,0;0,0625;0,875;False;False;True;False;True;False
167575;926872,0;7;11;11;0;0,0;0,9090909090909091;3;0,0;0,2857142857142857;0,42857142857142855;False;True;True;False;False;False
167580;937368,0;3;9;6;3;0,3333333333333333;38,833333333333336;2;0,0;0,3333333333333333;0,6666666666666666;True;True;False;True;False;False
167580;937366,0;3;3;3;0;0,0;53,666666666666664;2;0,0;0,3333333333333333;0,6666666666666666;True;False;True;True;False;False
167580;937362,0;3;5;5;0;0,0;50,6;1;0,0;0,3333333333333333;0,3333333333333333;True;False;False;True;False;False
167580;936382,0;5;1;1;0;0,0;39,0;98;12,0;1,0;19,6;True;False;False;False;False;False
167580;937374,0;13;25;25;0;0,0;33,36;0;0,0;0,0;0,0;False;False;False;False;True;False
167580;937156,0;3;0;0;0;;;42;3,0;1,0;14,0;True;False;False;False;False;False
167580;937352,0;6;0;0;0;;;16;3,0;1,0;2,6666666666666665;True;False;False;False;False;False
167580;937370,0;1;0;0;0;;;0;0,0;0,0;0,0;False;False;False;False;False;False
167580;945728,0;3;0;0;0;;;105;18,0;1,0;35,0;True;False;False;False;False;False
167580;956298,0;8;0;0;0;;;15;1,5;1,0;1,875;True;False;False;False;False;False
167580;960666,0;1;0;0;0;;;0;0,0;0,0;0,0;False;False;False;False;False;False
167580;960670,0;2;0;0;0;;;3;1,5;1,0;1,5;True;False;False;False;False;False
167580;960672,0;8;0;0;0;;;268;24,5;1,0;33,5;True;False;False;False;False;False
167580;960674,0;1;0;0;0;;;0;0,0;0,0;0,0;False;False;False;False;False;False
167599;954086,0;2;31;31;0;0,0;2,064516129032258;1;0,5;0,5;0,5;True;True;True;True;False;False
167621;918888,0;4;3;3;0;0,0;10,666666666666666;1;0,0;0,25;0,25;False;True;True;False;False;False
167630;920666,0;17;86;85;1;0,011627906976744186;7,564705882352941;115;3,0;0,9411764705882353;6,764705882352941;True;True;True;True;True;True
167634;918436,0;13;28;27;1;0,03571428571428571;23,22222222222222;862;73,0;0,9230769230769231;66,3076923076923;True;True;True;True;True;True
167644;924546,0;12;17;17;0;0,0;19,0;43;3,5;0,8333333333333334;3,5833333333333335;True;True;True;False;False;False
167644;924544,0;18;69;69;0;0,0;6,72463768115942;4;0,0;0,2222222222222222;0,2222222222222222;False;True;False;False;True;False
167646;964712,0;2;9;9;0;0,0;18,22222222222222;6;3,0;0,5;3,0;True;True;True;True;False;False
167650;921320,0;20;51;50;1;0,0196078431372549;21,08;267;14,5;0,85;13,35;True;True;False;False;True;False
167650;931458,0;23;1336;1327;9;0,006736526946107785;18,377543330821403;1394;58,0;1,0;60,608695652173914;True;False;False;False;True;False
167650;921318,0;22;1373;1371;2;0,0014566642388929353;16,88402625820569;1126;55,5;1,0;51,18181818181818;True;False;False;False;True;False
167650;921306,0;19;219;219;0;0,0;23,885844748858446;288;10,0;0,9473684210526315;15,157894736842104;True;False;True;True;True;False
167653;939708,0;6;10;9;1;0,1;13,222222222222221;36;0,0;0,16666666666666666;6,0;True;True;True;True;False;False
167653;939706,0;21;631;627;4;0,006339144215530904;9,23444976076555;1004;27,0;0,7619047619047619;47,80952380952381;True;False;False;False;True;False
167654;918978,0;24;579;577;2;0,0034542314335060447;9,707105719237434;836;32,0;1,0;34,833333333333336;True;True;True;True;True;True
167654;918986,0;23;536;536;0;0,0;9,684701492537313;1165;38,0;1,0;50,65217391304348;True;False;False;False;True;False
167664;920874,0;10;20;20;0;0,0;29,05;0;0,0;0,0;0,0;False;True;True;False;True;True
167715;935958,0;11;19;19;0;0,0;17,842105263157894;0;0,0;0,0;0,0;False;True;True;False;False;False
167715;926184,0;6;10;10;0;0,0;6,6;30;2,5;1,0;5,0;True;True;False;False;False;False
167716;922142,0;24;0;0;0;;;372;12,0;1,0;15,5;True;False;False;True;False;False
167727;926486,0;23;11;11;0;0,0;7,909090909090909;1771;74,0;1,0;77,0;True;True;True;True;False;False
167742;955032,0;12;38;37;1;0,02631578947368421;8,567567567567568;36;2,5;0,9166666666666666;3,0;True;True;False;False;True;False
167742;955164,0;3;2;2;0;0,0;26,0;3;1,0;1,0;1,0;True;False;True;False;False;False
167742;951526,0;10;16;16;0;0,0;15,375;0;0,0;0,0;0,0;False;False;False;False;False;False
167744;928022,0;1;2;2;0;0,0;16,0;0;0,0;0,0;0,0;False;True;True;False;False;False
167747;922428,0;23;28;28;0;0,0;8,392857142857142;177;6,0;0,9130434782608695;7,695652173913044;True;True;True;False;True;True
167747;922474,0;18;91;91;0;0,0;7,824175824175824;179;6,5;0,8888888888888888;9,944444444444445;True;True;False;False;True;False
167747;922476,0;13;0;0;0;;;151;6,0;1,0;11,615384615384615;True;False;False;False;False;False
167747;922486,0;4;0;0;0;;;1;0,0;0,25;0,25;False;False;False;False;False;False
167756;938896,0;28;924;920;4;0,004329004329004329;7,446739130434783;1645;55,5;1,0;58,75;True;True;True;True;True;True
167781;923944,0;12;16;16;0;0,0;12,5;0;0,0;0,0;0,0;False;True;True;False;False;False
167792;933832,0;10;14;14;0;0,0;28,714285714285715;0;0,0;0,0;0,0;False;True;True;False;False;False
167799;925104,0;27;558;558;0;0,0;7,645161290322581;824;28,0;1,0;30,51851851851852;True;True;True;True;True;True
167805;924614,0;2;3;3;0;0,0;6,333333333333333;2;1,0;0,5;1,0;True;True;True;True;False;False
167816;928312,0;18;8;8;0;0,0;20,375;1195;57,0;1,0;66,38888888888889;True;True;True;True;False;False
167827;929424,0;24;610;609;1;0,001639344262295082;1,0689655172413792;340;8,0;0,8333333333333334;14,166666666666666;True;True;True;True;True;True
167827;929426,0;13;0;0;0;;;7205;555,0;1,0;554,2307692307693;True;False;False;False;False;False
167827;929428,0;14;0;0;0;;;15321;608,0;1,0;1094,357142857143;True;False;False;False;False;False
167828;940430,0;18;69;68;1;0,014492753623188406;1,0;0;0,0;0,0;0,0;False;True;False;False;True;False
167828;940442,0;19;156;155;1;0,00641025641025641;0,7354838709677419;323;13,0;1,0;17,0;True;True;False;False;True;False
167828;940440,0;17;46;46;0;0,0;11,282608695652174;13;0,0;0,35294117647058826;0,7647058823529411;True;False;True;True;True;False
167828;940436,0;9;32;32;0;0,0;10,71875;7;0,0;0,4444444444444444;0,7777777777777778;True;False;True;True;True;False
167828;940432,0;15;133;133;0;0,0;7,360902255639098;170;7,0;0,9333333333333333;11,333333333333334;True;False;False;False;True;False
167828;938614,0;15;42;42;0;0,0;5,880952380952381;30;0,0;0,4;2,0;True;False;False;True;True;False
167828;938612,0;17;73;73;0;0,0;5,191780821917808;138;5,0;0,8235294117647058;8,117647058823529;True;False;False;False;True;False
167828;940438,0;19;42;42;0;0,0;5,071428571428571;290;14,0;1,0;15,263157894736842;True;False;False;False;True;False
167828;940434,0;19;116;116;0;0,0;4,7155172413793105;92;4,0;0,8947368421052632;4,842105263157895;True;False;False;False;True;False
167829;969272,0;7;225;224;1;0,0044444444444444444;9,558035714285714;218;25,0;1,0;31,142857142857142;True;True;True;True;True;True
167840;952968,0;2;2;2;0;0,0;5,0;2;1,0;0,5;1,0;True;True;True;True;False;False
167847;928142,0;2;3;3;0;0,0;13,0;0;0,0;0,0;0,0;False;True;True;False;False;False
167852;932798,0;8;26;25;1;0,038461538461538464;8,8;2;0,0;0,125;0,25;False;True;True;False;True;True
167852;930690,0;4;2;2;0;0,0;6,5;2;0,5;0,5;0,5;True;False;False;False;False;False
167870;936110,0;24;88;88;0;0,0;16,09090909090909;0;0,0;0,0;0,0;False;True;True;False;True;True
167888;928886,0;17;32;31;1;0,03125;9,096774193548388;287;15,0;1,0;16,88235294117647;True;True;True;False;True;True
167888;930020,0;16;32;31;1;0,03125;7,967741935483871;262;16,0;1,0;16,375;True;True;False;False;True;False
167888;928888,0;17;171;171;0;0,0;7,374269005847953;312;13,0;1,0;18,352941176470587;True;False;False;True;True;False
167906;939698,0;1;1;1;0;0,0;17,0;0;0,0;0,0;0,0;False;True;True;False;False;False
167908;971354,0;2;6;6;0;0,0;14,0;0;0,0;0,0;0,0;False;True;True;False;False;False
167923;951408,0;9;0;0;0;;;20;2,0;1,0;2,2222222222222223;True;False;False;True;False;False
167923;973120,0;1;0;0;0;;;3;3,0;1,0;3,0;True;False;False;False;False;False
167927;929626,0;17;34;34;0;0,0;11,588235294117647;14;0,0;0,47058823529411764;0,8235294117647058;True;True;False;True;True;True
167927;929622,0;8;14;14;0;0,0;14,5;3;0,0;0,25;0,375;False;True;True;False;False;False
167930;930816,0;5;4;4;0;0,0;12,75;1;0,0;0,2;0,2;False;True;True;False;False;False
167930;930814,0;4;5;5;0;0,0;12,6;0;0,0;0,0;0,0;False;True;False;False;False;False
167930;930820,0;3;2;2;0;0,0;12,5;2;0,0;0,3333333333333333;0,6666666666666666;True;True;False;True;False;False
167930;930818,0;1;1;1;0;0,0;12,0;0;0,0;0,0;0,0;False;True;False;False;False;False
167936;931914,0;9;17;17;0;0,0;19,058823529411764;0;0,0;0,0;0,0;False;True;True;False;False;False
167947;930582,0;1;1;1;0;0,0;16,0;0;0,0;0,0;0,0;False;True;True;False;False;False
167947;930586,0;15;0;0;0;;;169;10,0;1,0;11,266666666666667;True;False;False;False;False;False
167947;930590,0;6;0;0;0;;;23;3,0;1,0;3,8333333333333335;True;False;False;False;False;False
167947;930594,0;5;0;0;0;;;24;4,0;1,0;4,8;True;False;False;False;False;False
167948;930326,0;4;5;5;0;0,0;14,2;0;0,0;0,0;0,0;False;True;True;False;False;False
167949;929884,0;7;10;10;0;0,0;20,0;8;0,0;0,42857142857142855;1,1428571428571428;True;True;True;True;False;False
167949;929876,0;18;19;19;0;0,0;15,368421052631579;35;1,0;0,7777777777777778;1,9444444444444444;True;True;False;False;False;False
167949;968232,0;1;1;1;0;0,0;13,0;0;0,0;0,0;0,0;False;True;False;False;False;False
167949;941384,0;22;36;36;0;0,0;11,5;517;24,5;1,0;23,5;True;True;False;False;True;False
167955;930186,0;2;1;1;0;0,0;1,0;8;4,0;1,0;4,0;True;True;True;True;False;False
167955;941192,0;22;0;0;0;;;1156;47,0;1,0;52,54545454545455;True;False;False;False;False;False
167958;951186,0;11;91;91;0;0,0;8,593406593406593;5;0,0;0,2727272727272727;0,45454545454545453;False;True;True;False;True;True
167958;969294,0;5;84;84;0;0,0;8,452380952380953;10;1,0;0,6;2,0;True;True;False;False;False;False
167969;932750,0;5;8;8;0;0,0;10,375;7;1,0;0,8;1,4;True;True;True;False;False;False
167969;932754,0;1;1;1;0;0,0;6,0;0;0,0;0,0;0,0;False;True;False;False;False;False
167969;946582,0;9;43;43;0;0,0;1,8372093023255813;32;3,0;0,7777777777777778;3,5555555555555554;True;True;False;False;True;False
167976;934430,0;14;20;18;2;0,1;26,72222222222222;0;0,0;0,0;0,0;False;True;False;False;True;False
167976;934432,0;5;8;8;0;0,0;36,375;0;0,0;0,0;0,0;False;False;True;False;False;False
167976;934424,0;3;5;5;0;0,0;28,4;0;0,0;0,0;0,0;False;False;False;False;False;False
167976;934428,0;11;18;18;0;0,0;23,666666666666668;0;0,0;0,0;0,0;False;False;False;False;False;False
167977;944226,0;27;149;122;27;0,18120805369127516;39,377049180327866;46;1,0;0,5925925925925926;1,7037037037037037;True;True;True;True;True;True
167977;944216,0;28;236;209;27;0,11440677966101695;32,889952153110045;125;2,0;0,7857142857142857;4,464285714285714;True;False;False;False;True;False
167977;944222,0;27;149;137;12;0,08053691275167785;31,970802919708028;281;8,0;0,8888888888888888;10,407407407407407;True;False;False;False;True;False
167977;944218,0;28;193;181;12;0,06217616580310881;34,209944751381215;164;5,0;0,8571428571428571;5,857142857142857;True;False;False;False;True;False
167977;944220,0;28;231;218;13;0,05627705627705628;33,56422018348624;204;5,0;1,0;7,285714285714286;True;False;False;False;True;False
167989;936324,0;9;17;17;0;0,0;14,764705882352942;16;0,0;0,4444444444444444;1,7777777777777777;True;True;True;True;False;False
167989;936296,0;1;0;0;0;;;1;1,0;1,0;1,0;True;False;False;False;False;False
167989;954376,0;2;0;0;0;;;1;0,5;0,5;0,5;True;False;False;False;False;False
167989;954378,0;2;0;0;0;;;1;0,5;0,5;0,5;True;False;False;False;False;False
167989;954380,0;2;0;0;0;;;0;0,0;0,0;0,0;False;False;False;False;False;False
167994;933996,0;2;1;1;0;0,0;50,0;0;0,0;0,0;0,0;False;True;True;False;False;False
167994;933986,0;2;2;2;0;0,0;36,0;1;0,5;0,5;0,5;True;True;False;False;False;False
167994;934000,0;2;2;2;0;0,0;21,0;0;0,0;0,0;0,0;False;True;False;False;False;False
167995;941844,0;6;8;7;1;0,125;17,142857142857142;12;2,0;0,8333333333333334;2,0;True;True;True;False;False;False
167995;941838,0;3;0;0;0;;;9;3,0;1,0;3,0;True;False;False;False;False;False
167995;941842,0;3;0;0;0;;;3;1,0;1,0;1,0;True;False;False;True;False;False
167998;944908,0;2;2;2;0;0,0;13,5;0;0,0;0,0;0,0;False;True;True;False;False;False
167999;933804,0;6;11;11;0;0,0;14,636363636363637;0;0,0;0,0;0,0;False;True;True;False;False;False
167999;933806,0;9;0;0;0;;;268;25,0;1,0;29,77777777777778;True;False;False;False;False;False
167999;933810,0;7;0;0;0;;;103;15,0;1,0;14,714285714285714;True;False;False;False;False;False
168000;933244,0;6;2;2;0;0,0;9,0;84;4,0;1,0;14,0;True;True;True;True;False;False
168000;968338,0;7;16;16;0;0,0;8,5;259;27,0;1,0;37,0;True;True;False;False;False;False
168004;934098,0;1;2;1;1;0,5;22,0;0;0,0;0,0;0,0;False;True;True;False;False;False
168008;948524,0;3;3;3;0;0,0;5,0;0;0,0;0,0;0,0;False;True;True;False;False;False
168008;946988,0;1;0;0;0;;;1;1,0;1,0;1,0;True;False;False;False;False;False
168010;932672,0;1;1;1;0;0,0;1,0;0;0,0;0,0;0,0;False;True;True;False;False;False
168010;932676,0;1;0;0;0;;;4;4,0;1,0;4,0;True;False;False;False;False;False
168016;935870,0;3;4;4;0;0,0;15,5;0;0,0;0,0;0,0;False;True;True;False;False;False
168018;945894,0;7;0;0;0;;;1204;128,0;1,0;172,0;True;False;False;True;False;False
168018;945900,0;15;0;0;0;;;2986;198,0;1,0;199,06666666666666;True;False;False;False;False;False
168018;945902,0;13;0;0;0;;;2183;166,0;1,0;167,92307692307693;True;False;False;False;False;False
168018;945904,0;12;0;0;0;;;2404;231,5;1,0;200,33333333333334;True;False;False;False;False;False
168019;935216,0;9;1;1;0;0,0;7,0;21;2,0;0,8888888888888888;2,3333333333333335;True;True;True;True;False;False
168019;965232,0;3;0;0;0;;;34;13,0;1,0;11,333333333333334;True;False;False;False;False;False
168021;939224,0;19;28;27;1;0,03571428571428571;16,444444444444443;1364;82,0;1,0;71,78947368421052;True;True;True;False;True;True
168021;939222,0;19;22;22;0;0,0;11,954545454545455;642;31,0;1,0;33,78947368421053;True;False;False;False;True;False
168021;939218,0;20;9;9;0;0,0;7,111111111111111;315;13,0;1,0;15,75;True;False;False;True;False;False
168021;968150,0;6;4;4;0;0,0;1,0;100;16,0;1,0;16,666666666666668;True;False;False;False;False;False
168041;934534,0;27;102;100;2;0,0196078431372549;18,47;0;0,0;0,0;0,0;False;True;False;False;True;False
168041;936514,0;21;59;58;1;0,01694915254237288;20,53448275862069;0;0,0;0,0;0,0;False;False;True;False;True;False
168042;934170,0;1;1;1;0;0,0;15,0;0;0,0;0,0;0,0;False;True;True;False;False;False
168047;937604,0;11;4;4;0;0,0;13,75;28;2,0;1,0;2,5454545454545454;True;True;True;True;False;False
168048;950806,0;5;9;9;0;0,0;9,777777777777779;4;0,0;0,2;0,8;False;True;True;False;False;False
168054;971102,0;4;78;78;0;0,0;17,564102564102566;0;0,0;0,0;0,0;False;True;True;False;False;False
168054;971100,0;2;3;3;0;0,0;8,666666666666666;0;0,0;0,0;0,0;False;True;False;False;False;False
168062;951508,0;19;339;315;24;0,07079646017699115;18,917460317460318;24;0,0;0,47368421052631576;1,263157894736842;True;True;False;True;True;True
168062;951506,0;19;42;42;0;0,0;41,285714285714285;18;0,0;0,3157894736842105;0,9473684210526315;True;True;True;True;True;True
168062;951492,0;19;30;30;0;0,0;22,633333333333333;84;3,0;0,7894736842105263;4,421052631578948;True;True;True;True;True;True
168062;947612,0;18;1;1;0;0,0;18,0;115;4,5;1,0;6,388888888888889;True;True;False;True;False;False
168062;947642,0;17;1;1;0;0,0;14,0;956;38,0;1,0;56,23529411764706;True;True;False;False;False;False
168062;947638,0;18;2;2;0;0,0;13,5;1330;71,0;1,0;73,88888888888889;True;True;False;False;False;False
168062;947610,0;5;1;1;0;0,0;6,0;6;1,0;0,6;1,2;True;True;False;True;False;False
168062;947590,0;19;0;0;0;;;183;9,0;1,0;9,631578947368421;True;False;False;False;False;False
168062;947592,0;14;0;0;0;;;907;62,5;1,0;64,78571428571429;True;False;False;False;False;False
168062;947596,0;1;0;0;0;;;1;1,0;1,0;1,0;True;False;False;True;False;False
168062;947598,0;17;0;0;0;;;481;25,0;1,0;28,294117647058822;True;False;False;False;False;False
168062;947600,0;14;0;0;0;;;305;21,5;1,0;21,785714285714285;True;False;False;False;False;False
168062;947604,0;19;0;0;0;;;964;49,0;1,0;50,73684210526316;True;False;False;False;False;False
168062;947614,0;17;0;0;0;;;981;71,0;0,9411764705882353;57,705882352941174;True;False;False;False;False;False
168062;947616,0;19;0;0;0;;;2138;105,0;1,0;112,52631578947368;True;False;False;False;False;False
168062;947618,0;15;0;0;0;;;1116;76,0;1,0;74,4;True;False;False;False;False;False
168062;947620,0;19;0;0;0;;;1264;61,0;1,0;66,52631578947368;True;False;False;False;False;False
168062;947636,0;5;0;0;0;;;107;27,0;1,0;21,4;True;False;False;False;False;False
168062;947640,0;12;0;0;0;;;526;50,5;1,0;43,833333333333336;True;False;False;False;False;False
168062;947644,0;19;0;0;0;;;457;21,0;1,0;24,05263157894737;True;False;False;False;False;False
168062;947646,0;15;0;0;0;;;1978;129,0;1,0;131,86666666666667;True;False;False;False;False;False
168062;947648,0;18;0;0;0;;;3062;157,5;1,0;170,11111111111111;True;False;False;False;False;False
168062;947650,0;19;0;0;0;;;1781;88,0;1,0;93,73684210526316;True;False;False;False;False;False
168062;947652,0;14;0;0;0;;;566;37,5;1,0;40,42857142857143;True;False;False;False;False;False
168062;947654,0;16;0;0;0;;;2607;147,0;1,0;162,9375;True;False;False;False;False;False
168062;947658,0;19;0;0;0;;;2835;123,0;1,0;149,21052631578948;True;False;False;False;False;False
168062;952392,0;18;0;0;0;;;1545;71,0;1,0;85,83333333333333;True;False;False;False;False;False
168064;939762,0;28;722;722;0;0,0;18,518005540166204;1615;44,0;1,0;57,67857142857143;True;True;True;True;True;True
168073;937432,0;1;1;1;0;0,0;12,0;0;0,0;0,0;0,0;False;True;True;False;False;False
168073;937422,0;2;0;0;0;;;6;3,0;0,5;3,0;True;False;False;False;False;False
168073;937428,0;1;0;0;0;;;0;0,0;0,0;0,0;False;False;False;False;False;False
168073;937430,0;1;0;0;0;;;0;0,0;0,0;0,0;False;False;False;False;False;False
168073;941736,0;2;0;0;0;;;0;0,0;0,0;0,0;False;False;False;False;False;False
168073;953362,0;1;0;0;0;;;3;3,0;1,0;3,0;True;False;False;False;False;False
168073;954284,0;1;0;0;0;;;0;0,0;0,0;0,0;False;False;False;False;False;False
168090;964518,0;1;2;2;0;0,0;21,0;0;0,0;0,0;0,0;False;True;True;False;False;False
168091;958460,0;14;113;110;3;0,02654867256637168;49,972727272727276;54;4,0;0,8571428571428571;3,857142857142857;True;True;True;False;True;True
168091;958434,0;13;24;23;1;0,041666666666666664;39,608695652173914;61;2,0;0,6923076923076923;4,6923076923076925;True;True;False;False;True;False
168091;958452,0;13;38;37;1;0,02631578947368421;11,783783783783784;442;31,0;1,0;34,0;True;False;False;False;True;False
168091;958470,0;8;4;4;0;0,0;50,75;13;1,5;0,875;1,625;True;False;True;False;False;False
168091;958468,0;13;9;9;0;0,0;35,44444444444444;505;39,0;1,0;38,84615384615385;True;False;False;False;False;False
168091;958478,0;10;7;7;0;0,0;33,857142857142854;315;31,5;1,0;31,5;True;False;False;False;False;False
168091;958432,0;14;17;17;0;0,0;26,941176470588236;128;8,0;1,0;9,142857142857142;True;False;False;False;False;False
168091;958456,0;11;10;10;0;0,0;26,4;844;83,0;0,9090909090909091;76,72727272727273;True;False;False;False;False;False
168091;958430,0;13;22;22;0;0,0;18,59090909090909;198;14,0;1,0;15,23076923076923;True;False;False;False;True;False
168091;958454,0;10;2;2;0;0,0;15,0;0;0,0;0,0;0,0;False;False;False;False;False;False
168091;958440,0;12;0;0;0;;;1;0,0;0,08333333333333333;0,08333333333333333;False;False;False;False;False;False
168091;958444,0;13;0;0;0;;;2;0,0;0,15384615384615385;0,15384615384615385;False;False;False;False;False;False
168091;958458,0;1;0;0;0;;;0;0,0;0,0;0,0;False;False;False;False;False;False
168091;958472,0;9;0;0;0;;;31;4,0;1,0;3,4444444444444446;True;False;False;False;False;False
168091;958480,0;4;0;0;0;;;176;39,0;1,0;44,0;True;False;False;False;False;False
168091;958672,0;14;0;0;0;;;2;0,0;0,14285714285714285;0,14285714285714285;False;False;False;False;False;False
168097;935268,0;1;1;1;0;0,0;8,0;0;0,0;0,0;0,0;False;True;True;False;False;False
168101;935548,0;7;10;10;0;0,0;11,9;0;0,0;0,0;0,0;False;True;True;False;False;False
168105;951118,0;3;3;3;0;0,0;38,0;0;0,0;0,0;0,0;False;True;True;False;False;False
168105;936984,0;23;58;58;0;0,0;12,586206896551724;0;0,0;0,0;0,0;False;True;False;False;True;False
168105;970484,0;2;0;0;0;;;7;3,5;1,0;3,5;True;False;False;False;False;False
168105;970486,0;2;0;0;0;;;6;3,0;1,0;3,0;True;False;False;False;False;False
168110;938432,0;4;8;8;0;0,0;20,75;0;0,0;0,0;0,0;False;True;True;False;False;False
168121;940508,0;1;2;2;0;0,0;41,5;0;0,0;0,0;0,0;False;True;True;False;False;False
168121;940458,0;17;18;18;0;0,0;32,05555555555556;41;2,0;0,6470588235294118;2,411764705882353;True;True;False;False;False;False
168121;940512,0;1;1;1;0;0,0;19,0;0;0,0;0,0;0,0;False;True;False;False;False;False
168121;940514,0;1;1;1;0;0,0;11,0;0;0,0;0,0;0,0;False;True;False;False;False;False
168121;940456,0;12;21;21;0;0,0;7,619047619047619;4;0,0;0,16666666666666666;0,3333333333333333;False;True;False;False;True;False
168121;940460,0;12;0;0;0;;;61;1,5;1,0;5,083333333333333;True;False;False;False;False;False
168121;940474,0;8;0;0;0;;;16;1,0;0,875;2,0;True;False;False;False;False;False
168128;937650,0;1;0;0;0;;;1;1,0;1,0;1,0;True;False;False;True;False;False
168154;939376,0;20;155;154;1;0,0064516129032258064;14,357142857142858;1005;51,0;1,0;50,25;True;True;False;False;True;False
168154;939370,0;25;338;336;2;0,005917159763313609;17,5625;494;0,0;0,44;19,76;True;False;True;True;True;False
168155;938414,0;10;93;91;2;0,021505376344086023;23,142857142857142;40;2,0;0,9;4,0;True;True;False;False;True;False
168155;969288,0;3;3;3;0;0,0;29,333333333333332;2;0,0;0,3333333333333333;0,6666666666666666;True;False;True;True;False;False
168180;958640,0;10;11;10;1;0,09090909090909091;10,4;11;0,0;0,3;1,1;True;True;True;True;False;False
168185;939212,0;9;8;8;0;0,0;18,5;10;1,0;0,5555555555555556;1,1111111111111112;True;True;True;True;False;False
168187;948286,0;27;372;354;18;0,04838709677419355;16,437853107344633;0;0,0;0,0;0,0;False;True;True;False;True;True
168187;937732,0;19;93;91;2;0,021505376344086023;16,186813186813186;135;6,0;1,0;7,105263157894737;True;True;True;False;True;True
168187;937898,0;1;9;7;2;0,2222222222222222;7,714285714285714;32;32,0;1,0;32,0;True;True;False;False;False;False
168187;937860,0;19;171;163;8;0,04678362573099415;8,625766871165645;1443;80,0;1,0;75,94736842105263;True;True;False;False;True;False
168187;937874,0;5;23;22;1;0,043478260869565216;9,590909090909092;149;34,0;1,0;29,8;True;True;False;False;False;False
168187;948288,0;9;24;23;1;0,041666666666666664;13,26086956521739;0;0,0;0,0;0,0;False;True;False;False;True;False
168187;937962,0;20;93;91;2;0,021505376344086023;13,54945054945055;0;0,0;0,0;0,0;False;True;False;False;True;False
168187;937966,0;19;183;180;3;0,01639344262295082;8,811111111111112;470;21,0;1,0;24,736842105263158;True;True;False;False;True;False
168187;937780,0;19;132;130;2;0,015151515151515152;10,63076923076923;696;38,0;0,9473684210526315;36,63157894736842;True;True;False;False;True;False
168187;937956,0;28;689;679;10;0,01451378809869376;1,263622974963181;1;0,0;0,03571428571428571;0,03571428571428571;False;False;False;False;True;False
168187;937812,0;18;143;141;2;0,013986013986013986;13,73049645390071;130;4,0;1,0;7,222222222222222;True;False;True;False;True;False
168187;937958,0;28;217;214;3;0,013824884792626729;5,9766355140186915;0;0,0;0,0;0,0;False;False;False;False;True;False
168187;937762,0;23;75;74;1;0,013333333333333334;12,824324324324325;151;6,0;0,8695652173913043;6,565217391304348;True;False;False;False;True;False
168187;937808,0;19;113;112;1;0,008849557522123894;11,571428571428571;567;34,0;1,0;29,842105263157894;True;False;False;False;True;False
168187;937902,0;19;156;155;1;0,00641025641025641;11,270967741935484;623;29,0;1,0;32,78947368421053;True;False;False;False;True;False
168187;937750,0;4;4;4;0;0,0;43,75;3;0,0;0,25;0,75;False;False;True;False;False;False
168187;948284,0;4;4;4;0;0,0;26,75;0;0,0;0,0;0,0;False;False;True;False;False;False
168187;937742,0;10;20;20;0;0,0;16,25;2;0,0;0,2;0,2;False;False;True;False;True;False
168187;937782,0;13;15;15;0;0,0;15,266666666666667;16;1,0;0,6923076923076923;1,2307692307692308;True;False;True;False;False;False
168187;937856,0;10;6;6;0;0,0;13,833333333333334;20;1,5;0,7;2,0;True;False;True;False;False;False
168187;937736,0;19;199;199;0;0,0;13,552763819095478;930;37,0;1,0;48,94736842105263;True;False;True;False;True;False
168187;937862,0;18;75;75;0;0,0;12,88;248;12,0;1,0;13,777777777777779;True;False;False;False;True;False
168187;937988,0;14;43;43;0;0,0;12,372093023255815;212;14,5;1,0;15,142857142857142;True;False;False;False;True;False
168187;937760,0;19;199;199;0;0,0;11,99497487437186;451;25,0;1,0;23,736842105263158;True;False;False;False;True;False
168187;937788,0;17;85;85;0;0,0;11,905882352941177;344;15,0;1,0;20,235294117647058;True;False;False;False;True;False
168187;937708,0;20;127;127;0;0,0;11,89763779527559;482;22,5;0,95;24,1;True;False;False;False;True;False
168187;937868,0;19;33;33;0;0,0;11,636363636363637;161;8,0;1,0;8,473684210526315;True;False;False;False;True;False
168187;937864,0;12;23;23;0;0,0;10,956521739130435;49;0,0;0,3333333333333333;4,083333333333333;True;False;False;True;True;False
168187;937752,0;24;393;393;0;0,0;10,572519083969466;1169;50,0;0,7916666666666666;48,708333333333336;True;False;False;False;True;False
168187;937980,0;8;47;47;0;0,0;10,127659574468085;41;3,5;0,5;5,125;True;False;False;False;True;False
168187;937854,0;19;126;126;0;0,0;9,706349206349206;336;16,0;1,0;17,68421052631579;True;False;False;False;True;False
168187;937960,0;26;180;180;0;0,0;9,15;0;0,0;0,0;0,0;False;False;False;False;True;False
168187;937786,0;3;3;3;0;0,0;9,0;10;4,0;0,6666666666666666;3,3333333333333335;True;False;False;False;False;False
168187;937880,0;1;1;1;0;0,0;9,0;0;0,0;0,0;0,0;False;False;False;False;False;False
168187;937810,0;21;78;78;0;0,0;8,820512820512821;177;8,0;0,8571428571428571;8,428571428571429;True;False;False;False;True;False
168187;937678,0;19;11;11;0;0,0;8,545454545454545;113;5,0;0,9473684210526315;5,947368421052632;True;False;False;False;False;False
168187;937984,0;6;6;6;0;0,0;8,0;5;0,5;0,5;0,8333333333333334;True;False;False;False;False;False
168187;937888,0;22;155;155;0;0,0;7,987096774193549;663;31,0;0,8636363636363636;30,136363636363637;True;False;False;False;True;False
168187;937774,0;13;140;140;0;0,0;6,85;175;5,0;0,7692307692307693;13,461538461538462;True;False;False;False;True;False
168187;946072,0;1;1;1;0;0,0;6,0;1;1,0;1,0;1,0;True;False;False;False;False;False
168187;948282,0;1;1;1;0;0,0;1,0;0;0,0;0,0;0,0;False;False;False;False;False;False
168187;937716,0;1;0;0;0;;;1;1,0;1,0;1,0;True;False;False;False;False;False
168187;937770,0;1;0;0;0;;;1;1,0;1,0;1,0;True;False;False;False;False;False
168187;937778,0;1;0;0;0;;;1;1,0;1,0;1,0;True;False;False;False;False;False
168187;937870,0;3;0;0;0;;;13;2,0;1,0;4,333333333333333;True;False;False;False;False;False
168187;937900,0;1;0;0;0;;;4;4,0;1,0;4,0;True;False;False;False;False;False
168190;952982,0;6;9;9;0;0,0;0,8888888888888888;0;0,0;0,0;0,0;False;True;True;False;False;False
168193;947816,0;6;12;12;0;0,0;19,583333333333332;24;4,0;1,0;4,0;True;True;True;False;False;False
168193;948170,0;3;2;2;0;0,0;15,0;3;0,0;0,3333333333333333;1,0;True;True;False;True;False;False
168193;951046,0;5;3;3;0;0,0;14,0;54;8,0;0,8;10,8;True;True;False;False;False;False
168193;947818,0;7;15;15;0;0,0;10,2;36;4,0;0,8571428571428571;5,142857142857143;True;True;False;False;False;False
168193;948150,0;3;32;32;0;0,0;9,96875;5;1,0;0,6666666666666666;1,6666666666666667;True;True;False;True;False;False
168193;947820,0;1;0;0;0;;;17;17,0;1,0;17,0;True;False;False;False;False;False
168202;944564,0;1;1;1;0;0,0;15,0;0;0,0;0,0;0,0;False;True;True;False;False;False
168221;952292,0;1;2;2;0;0,0;40,5;0;0,0;0,0;0,0;False;True;True;False;False;False
168221;944474,0;1;3;3;0;0,0;37,333333333333336;0;0,0;0,0;0,0;False;True;False;False;False;False
168221;944476,0;25;200;200;0;0,0;13,645;3;0,0;0,08;0,12;False;True;False;False;True;False
168225;970240,0;1;1;1;0;0,0;44,0;1;1,0;1,0;1,0;True;True;True;True;False;False
168225;970244,0;1;2;2;0;0,0;40,5;1;1,0;1,0;1,0;True;True;False;True;False;False
168225;970254,0;1;3;3;0;0,0;40,333333333333336;6;6,0;1,0;6,0;True;True;False;False;False;False
168225;970252,0;1;1;1;0;0,0;25,0;7;7,0;1,0;7,0;True;True;False;False;False;False
168225;970242,0;1;0;0;0;;;8;8,0;1,0;8,0;True;False;False;False;False;False
168225;970250,0;1;0;0;0;;;1;1,0;1,0;1,0;True;False;False;True;False;False
168225;970258,0;1;0;0;0;;;1;1,0;1,0;1,0;True;False;False;True;False;False
168228;939684,0;15;17;17;0;0,0;15,176470588235293;60;0,0;0,4;4,0;True;True;True;True;False;False
168228;939736,0;1;0;0;0;;;4;4,0;1,0;4,0;True;False;False;False;False;False
168228;939738,0;19;0;0;0;;;603;30,0;1,0;31,736842105263158;True;False;False;False;False;False
168252;964666,0;6;45;42;3;0,06666666666666667;14,095238095238095;874;129,0;1,0;145,66666666666666;True;True;True;False;False;False
168252;940622,0;17;729;711;18;0,024691358024691357;4,455696202531645;806;19,0;0,8235294117647058;47,411764705882355;True;True;False;False;True;False
168252;940652,0;20;414;405;9;0,021739130434782608;4,162962962962963;962;3,5;0,55;48,1;True;True;False;False;True;False
168252;940614,0;11;145;142;3;0,020689655172413793;3,2183098591549295;570;10,0;0,7272727272727273;51,81818181818182;True;True;False;False;True;False
168252;940658,0;18;616;607;9;0,01461038961038961;5,018121911037891;1495;90,5;1,0;83,05555555555556;True;False;False;False;True;False
168252;940588,0;21;2066;2039;27;0,013068731848983543;2,984306032368808;42;0,0;0,19047619047619047;2,0;False;False;False;False;True;False
168252;940634,0;14;259;256;3;0,011583011583011582;9,4921875;1340;94,5;1,0;95,71428571428571;True;False;False;False;True;False
168252;940616,0;16;473;469;4;0,008456659619450317;5,816631130063966;2319;150,0;1,0;144,9375;True;False;False;False;True;False
168252;940630,0;19;1568;1558;10;0,006377551020408163;3,8421052631578947;152;0,0;0,15789473684210525;8,0;True;False;False;True;True;False
168252;956080,0;3;5;5;0;0,0;50,4;0;0,0;0,0;0,0;False;False;True;False;False;False
168252;950972,0;9;4;4;0;0,0;29,25;893;88,0;1,0;99,22222222222223;True;False;True;False;False;False
168252;966686,0;1;2;2;0;0,0;16,5;0;0,0;0,0;0,0;False;False;True;False;False;False
168252;961064,0;8;24;24;0;0,0;7,583333333333333;904;116,5;1,0;113,0;True;False;False;False;True;False
168252;940624,0;21;413;413;0;0,0;5,702179176755448;1210;68,0;0,9523809523809523;57,61904761904762;True;False;False;False;True;False
168252;944310,0;2;3;3;0;0,0;5,0;0;0,0;0,0;0,0;False;False;False;False;False;False
168252;940828,0;2;2;2;0;0,0;2,0;12;6,0;0,5;6,0;True;False;False;False;False;False
168252;939716,0;3;0;0;0;;;2;1,0;0,6666666666666666;0,6666666666666666;True;False;False;False;False;False
168252;940568,0;1;0;0;0;;;5;5,0;1,0;5,0;True;False;False;False;False;False
168252;940596,0;5;0;0;0;;;475;93,0;1,0;95,0;True;False;False;False;False;False
168252;940782,0;1;0;0;0;;;2;2,0;1,0;2,0;True;False;False;False;False;False
168252;940788,0;5;0;0;0;;;0;0,0;0,0;0,0;False;False;False;False;False;False
168252;940802,0;2;0;0;0;;;4;2,0;1,0;2,0;True;False;False;False;False;False
168252;940814,0;1;0;0;0;;;2;2,0;1,0;2,0;True;False;False;False;False;False
168252;940842,0;1;0;0;0;;;0;0,0;0,0;0,0;False;False;False;False;False;False
168252;940848,0;1;0;0;0;;;2;2,0;1,0;2,0;True;False;False;False;False;False
168253;952948,0;26;4112;4104;8;0,0019455252918287938;1,612085769980507;1272;38,0;0,9615384615384616;48,92307692307692;True;True;True;False;True;True
168253;952954,0;2;3;3;0;0,0;1,0;0;0,0;0,0;0,0;False;False;False;False;False;False
168264;951490,0;14;31;31;0;0,0;13,838709677419354;0;0,0;0,0;0,0;False;True;True;False;True;True
168271;944766,0;11;152;151;1;0,006578947368421052;9,039735099337749;142;7,0;0,7272727272727273;12,909090909090908;True;True;False;False;True;False
168271;954650,0;20;462;459;3;0,006493506493506494;10,420479302832245;987;50,5;1,0;49,35;True;False;True;False;True;False
168271;944764,0;18;352;350;2;0,005681818181818182;6,908571428571428;286;3,0;0,7777777777777778;15,88888888888889;True;False;False;True;True;False
168275;940952,0;17;164;164;0;0,0;12,74390243902439;110;2,0;0,7647058823529411;6,470588235294118;True;True;True;True;True;True
168291;946454,0;2;0;0;0;;;13;6,5;1,0;6,5;True;False;False;True;False;False
168295;960620,0;10;79;78;1;0,012658227848101266;14,346153846153847;64;5,0;1,0;6,4;True;True;False;True;True;True
168295;960648,0;10;33;33;0;0,0;17,545454545454547;78;5,0;0,9;7,8;True;False;True;True;True;False
168303;949252,0;1;2;2;0;0,0;14,0;0;0,0;0,0;0,0;False;True;True;False;False;False
168307;945052,0;1;2;2;0;0,0;6,5;0;0,0;0,0;0,0;False;True;True;False;False;False
168307;945046,0;1;1;1;0;0,0;3,0;6;6,0;1,0;6,0;True;True;False;False;False;False
168315;952734,0;19;452;452;0;0,0;1,1039823008849559;0;0,0;0,0;0,0;False;True;True;False;True;True
168336;947304,0;12;34;30;4;0,11764705882352941;5,0;578;52,0;1,0;48,166666666666664;True;True;False;False;True;False
168336;958416,0;12;15;14;1;0,06666666666666667;18,571428571428573;298;28,0;1,0;24,833333333333332;True;True;False;False;False;False
168336;948758,0;13;18;17;1;0,05555555555555555;25,705882352941178;572;25,0;0,9230769230769231;44,0;True;False;True;False;False;False
168336;969380,0;2;1;1;0;0,0;21,0;0;0,0;0,0;0,0;False;False;True;False;False;False
168336;966158,0;8;3;3;0;0,0;15,0;24;1,0;0,625;3,0;True;False;False;False;False;False
168336;958418,0;13;12;12;0;0,0;8,916666666666666;469;38,0;1,0;36,07692307692308;True;False;False;False;False;False
168336;948756,0;11;0;0;0;;;133;2,0;0,9090909090909091;12,090909090909092;True;False;False;False;False;False
168336;967204,0;3;0;0;0;;;0;0,0;0,0;0,0;False;False;False;False;False;False
168336;969262,0;1;0;0;0;;;0;0,0;0,0;0,0;False;False;False;False;False;False
168336;969268,0;2;0;0;0;;;3;1,5;0,5;1,5;True;False;False;False;False;False
168336;969284,0;1;0;0;0;;;0;0,0;0,0;0,0;False;False;False;False;False;False
168336;969286,0;3;0;0;0;;;6;2,0;1,0;2,0;True;False;False;False;False;False
168336;969386,0;5;0;0;0;;;53;6,0;0,8;10,6;True;False;False;False;False;False
168361;945278,0;16;0;0;0;;;3302;225,5;1,0;206,375;True;False;False;False;False;False
168361;945280,0;16;0;0;0;;;1990;103,0;1,0;124,375;True;False;False;False;False;False
168361;945282,0;21;0;0;0;;;2081;97,0;1,0;99,0952380952381;True;False;False;False;False;False
168361;945284,0;15;0;0;0;;;1703;113,0;1,0;113,53333333333333;True;False;False;False;False;False
168361;945286,0;21;0;0;0;;;6443;275,0;1,0;306,8095238095238;True;False;False;False;False;False
168361;945288,0;14;0;0;0;;;1736;121,0;1,0;124,0;True;False;False;False;False;False
168361;945290,0;24;0;0;0;;;2925;109,0;1,0;121,875;True;False;False;False;False;False
168361;945294,0;15;0;0;0;;;2349;152,0;1,0;156,6;True;False;False;False;False;False
168361;945296,0;26;0;0;0;;;2104;77,5;1,0;80,92307692307692;True;False;False;True;False;False
168361;945298,0;14;0;0;0;;;1301;84,5;1,0;92,92857142857143;True;False;False;True;False;False
168361;945302,0;26;0;0;0;;;5206;198,5;1,0;200,23076923076923;True;False;False;False;False;False
168361;945304,0;15;0;0;0;;;2311;146,0;1,0;154,06666666666666;True;False;False;False;False;False
168361;945308,0;8;0;0;0;;;970;126,5;1,0;121,25;True;False;False;False;False;False
168361;945310,0;18;0;0;0;;;3017;162,5;1,0;167,61111111111111;True;False;False;False;False;False
168361;945312,0;19;0;0;0;;;1976;109,0;1,0;104,0;True;False;False;False;False;False
168361;945314,0;22;0;0;0;;;1445;56,0;1,0;65,68181818181819;True;False;False;True;False;False
168361;945316,0;23;0;0;0;;;2222;79,0;1,0;96,6086956521739;True;False;False;True;False;False
168361;945318,0;12;0;0;0;;;1433;107,5;1,0;119,41666666666667;True;False;False;False;False;False
168361;945320,0;15;0;0;0;;;1970;120,0;1,0;131,33333333333334;True;False;False;False;False;False
168361;945322,0;26;0;0;0;;;4396;158,5;1,0;169,07692307692307;True;False;False;False;False;False
168361;945324,0;18;0;0;0;;;1825;98,5;1,0;101,38888888888889;True;False;False;False;False;False
168361;965538,0;7;0;0;0;;;548;56,0;1,0;78,28571428571429;True;False;False;True;False;False
168361;965540,0;9;0;0;0;;;919;98,0;1,0;102,11111111111111;True;False;False;False;False;False
168361;965542,0;5;0;0;0;;;762;173,0;1,0;152,4;True;False;False;False;False;False
168361;965544,0;6;0;0;0;;;1276;266,0;1,0;212,66666666666666;True;False;False;False;False;False
168366;952678,0;1;1;1;0;0,0;30,0;0;0,0;0,0;0,0;False;True;True;False;False;False
168366;952666,0;1;1;1;0;0,0;15,0;0;0,0;0,0;0,0;False;True;False;False;False;False
168377;968368,0;2;2;2;0;0,0;19,0;0;0,0;0,0;0,0;False;True;True;False;False;False
168412;953464,0;18;67;65;2;0,029850746268656716;9,492307692307692;365;2,0;0,6666666666666666;20,27777777777778;True;True;False;False;True;False
168412;952462,0;6;10;10;0;0,0;21,8;2;0,0;0,16666666666666666;0,3333333333333333;False;False;True;False;False;False
168412;952458,0;15;0;0;0;;;1712;135,0;1,0;114,13333333333334;True;False;False;False;False;False
168412;952460,0;12;0;0;0;;;193;8,0;1,0;16,083333333333332;True;False;False;False;False;False
168412;952466,0;1;0;0;0;;;125;125,0;1,0;125,0;True;False;False;False;False;False
168412;952468,0;13;0;0;0;;;1082;86,0;1,0;83,23076923076923;True;False;False;False;False;False
168412;953458,0;4;0;0;0;;;61;9,0;1,0;15,25;True;False;False;False;False;False
168412;953460,0;4;0;0;0;;;8;1,5;1,0;2,0;True;False;False;True;False;False
168412;953462,0;10;0;0;0;;;692;64,5;1,0;69,2;True;False;False;False;False;False
168416;948182,0;24;123;123;0;0,0;13,008130081300813;427;14,5;0,9583333333333334;17,791666666666668;True;True;True;True;True;True
168459;968520,0;1;10;10;0;0,0;1,0;0;0,0;0,0;0,0;False;True;True;False;False;False
168464;950634,0;7;7;7;0;0,0;11,428571428571429;0;0,0;0,0;0,0;False;True;True;False;False;False
168466;952114,0;8;1;1;0;0,0;3,0;690;99,0;1,0;86,25;True;True;True;False;False;False
168466;952116,0;5;0;0;0;;;354;54,0;1,0;70,8;True;False;False;True;False;False
168473;956268,0;4;7;7;0;0,0;16,142857142857142;22;7,0;0,75;5,5;True;True;True;True;False;False
168481;956292,0;2;3;3;0;0,0;11,666666666666666;2;1,0;0,5;1,0;True;True;True;True;False;False
168481;956276,0;2;8;8;0;0,0;6,625;10;5,0;1,0;5,0;True;True;False;False;False;False
168481;959596,0;1;0;0;0;;;9;9,0;1,0;9,0;True;False;False;False;False;False
168500;952196,0;3;2;2;0;0,0;12,0;2;0,0;0,3333333333333333;0,6666666666666666;True;True;True;True;False;False
168522;951614,0;2;5;5;0;0,0;16,8;0;0,0;0,0;0,0;False;True;True;False;False;False
168562;960698,0;3;6;6;0;0,0;16,833333333333332;0;0,0;0,0;0,0;False;True;True;False;False;False
168575;953952,0;3;9;9;0;0,0;13,777777777777779;0;0,0;0,0;0,0;False;True;True;False;False;False
168575;953940,0;1;1;1;0;0,0;9,0;0;0,0;0,0;0,0;False;True;False;False;False;False
168579;973286,0;1;2;2;0;0,0;44,0;0;0,0;0,0;0,0;False;True;True;False;False;False
168579;954810,0;11;37;37;0;0,0;9,08108108108108;0;0,0;0,0;0,0;False;True;False;False;True;False
168583;952126,0;4;6;6;0;0,0;14,833333333333334;0;0,0;0,0;0,0;False;True;True;False;False;False
168583;962062,0;8;22;22;0;0,0;13,636363636363637;0;0,0;0,0;0,0;False;True;False;False;True;False
168598;958394,0;10;23;23;0;0,0;7,434782608695652;0;0,0;0,0;0,0;False;True;True;False;True;True
168601;952916,0;4;1;1;0;0,0;25,0;7;1,5;1,0;1,75;True;True;True;True;False;False
168601;952914,0;19;98;98;0;0,0;7,438775510204081;606;33,0;1,0;31,894736842105264;True;True;False;False;True;False
168603;959118,0;4;0;0;0;;;17;3,5;1,0;4,25;True;False;False;True;False;False
168606;957922,0;5;3;2;1;0,3333333333333333;9,5;8;0,0;0,4;1,6;True;True;True;True;False;False
